config,k,p_k,q_k,swap_acceptance_to_k_plus_1,winding_acceptance_rate_mean,winding_accepted_per_chain_mean,winding_attempted_per_chain_mean,sector_flips_per_chain_mean,sector_flip_rate_per_diagnostic_interval,chains_with_sector_flip,num_chains,diagnostic_samples_mean,diagnostic_stride,num_measurements
M_strict_qhot032_m128,0,0.05000000000000001,0.08000000000000002,0.8040184453227931,3.6597862684819206e-05,1.0,27324.0,0.0,0.0,0,4,128.0,1,128
M_strict_qhot032_m128,1,0.06089085027766174,0.09369542304279663,0.7766798418972333,3.6597862684819206e-05,1.0,27324.0,0.0,0.0,0,4,128.0,1,128
M_strict_qhot032_m128,2,0.0729633685509879,0.10826739206030414,0.7582345191040843,3.6597862684819206e-05,1.0,27324.0,0.0,0.0,0,4,128.0,1,128
M_strict_qhot032_m128,3,0.08612040338074055,0.12355502105019264,0.7434123847167325,3.6597862684819206e-05,1.0,27324.0,0.0,0.0,0,4,128.0,1,128
M_strict_qhot032_m128,4,0.10023403916322415,0.13938654934025893,0.7045454545454546,3.6597862684819206e-05,1.0,27324.0,0.0,0.0,0,4,128.0,1,128
M_strict_qhot032_m128,5,0.11515281272540166,0.15558735970110701,0.6646903820816864,3.6597862684819206e-05,1.0,27324.0,0.0,0.0,0,4,128.0,1,128
M_strict_qhot032_m128,6,0.13070985563006426,0.1719871067389061,0.6156126482213439,2.7448397013614406e-05,0.75,27324.0,0.0,0.0,0,4,128.0,1,128
M_strict_qhot032_m128,7,0.146731153249344,0.18842555214865583,0.5559947299077734,3.6597862684819206e-05,1.0,27324.0,0.0,0.0,0,4,128.0,1,128
M_strict_qhot032_m128,8,0.16304322119019324,0.2047569127894798,0.49242424242424243,3.6597862684819206e-05,1.0,27324.0,0.0,0.0,0,4,128.0,1,128
M_strict_qhot032_m128,9,0.17947968176590667,0.22085271061574663,0.41106719367588934,3.6597862684819206e-05,1.0,27324.0,0.0,0.0,0,4,128.0,1,128
M_strict_qhot032_m128,10,0.19588643394366193,0.23660325120917824,0.3218050065876153,2.7448397013614406e-05,0.75,27324.0,0.0,0.0,0,4,128.0,1,128
M_strict_qhot032_m128,11,0.21212531086375094,0.2519179441722128,0.2210144927536232,3.6597862684819206e-05,1.0,27324.0,2.5,0.01968503937007874,3,4,128.0,1,128
M_strict_qhot032_m128,12,0.22807628295184862,0.2667247181192231,0.17226613965744403,3.6597862684819206e-05,1.0,27324.0,9.5,0.07480314960629922,4,4,128.0,1,128
M_strict_qhot032_m128,13,0.2436383790634235,0.2809687853729252,0.17457180500658764,5.4896794027228805e-05,1.5,27324.0,38.0,0.2992125984251969,4,4,128.0,1,128
M_strict_qhot032_m128,14,0.25872956222519133,0.29461098862658663,0.22397891963109354,0.00014639145073927682,4.0,27324.0,83.25,0.655511811023622,4,4,128.0,1,128
M_strict_qhot032_m128,15,0.27328581768469024,0.30762592490007873,0.28194993412384717,0.0010338896208461426,28.25,27324.0,91.25,0.7185039370078741,4,4,128.0,1,128
M_strict_qhot032_m128,16,0.2872597003853142,0.32000000000000006,,0.0027265407700190307,74.5,27324.0,95.5,0.7519685039370079,4,4,128.0,1,128
N_strict_qhot035_m128,0,0.05000000000000001,0.08000000000000002,0.7855731225296443,3.6597862684819206e-05,1.0,27324.0,0.0,0.0,0,4,128.0,1,128
N_strict_qhot035_m128,1,0.06283285692551613,0.0960793318586155,0.7361660079051382,3.6597862684819206e-05,1.0,27324.0,0.0,0.0,0,4,128.0,1,128
N_strict_qhot035_m128,2,0.07725602833341093,0.11331750116189565,0.7315546772068512,3.6597862684819206e-05,1.0,27324.0,0.0,0.0,0,4,128.0,1,128
N_strict_qhot035_m128,3,0.09310209544943875,0.13145348801824794,0.6732542819499341,3.6597862684819206e-05,1.0,27324.0,0.0,0.0,0,4,128.0,1,128
N_strict_qhot035_m128,4,0.11015085227031185,0.15021112181699375,0.6245059288537549,3.6597862684819206e-05,1.0,27324.0,0.0,0.0,0,4,128.0,1,128
N_strict_qhot035_m128,5,0.12814588345397082,0.1693157152362034,0.5559947299077734,3.6597862684819206e-05,1.0,27324.0,0.0,0.0,0,4,128.0,1,128
N_strict_qhot035_m128,6,0.14681245189611616,0.18850791309668907,0.4776021080368906,2.7448397013614406e-05,0.75,27324.0,0.0,0.0,0,4,128.0,1,128
N_strict_qhot035_m128,7,0.16587448906125732,0.20755392628727212,0.38208168642951257,3.6597862684819206e-05,1.0,27324.0,0.0,0.0,0,4,128.0,1,128
N_strict_qhot035_m128,8,0.18506902541390743,0.22625198267365218,0.3069828722002635,3.6597862684819206e-05,1.0,27324.0,0.0,0.0,0,4,128.0,1,128
N_strict_qhot035_m128,9,0.2041571027257682,0.2444353269827505,0.18873517786561264,3.6597862684819206e-05,1.0,27324.0,0.5,0.003937007874015748,1,4,128.0,1,128
N_strict_qhot035_m128,10,0.22293089113339257,0.26197240125795757,0.12220026350461133,2.7448397013614406e-05,0.75,27324.0,6.0,0.047244094488188976,4,4,128.0,1,128
N_strict_qhot035_m128,11,0.2412172677198619,0.27876495332695184,0.10836627140974966,4.5747328356024006e-05,1.25,27324.0,35.0,0.2755905511811024,4,4,128.0,1,128
N_strict_qhot035_m128,12,0.2588784490212289,0.2947447996827083,0.158102766798419,0.00020128824476650566,5.5,27324.0,80.0,0.6299212598425197,4,4,128.0,1,128
N_strict_qhot035_m128,13,0.27581041575712545,0.30986986548357415,0.24044795783926218,0.001061338017859757,29.0,27324.0,93.25,0.734251968503937,4,4,128.0,1,128
N_strict_qhot035_m128,14,0.2919398675782645,0.32411998496211214,0.3106060606060606,0.004016615429658908,109.75,27324.0,93.75,0.7381889763779528,4,4,128.0,1,128
N_strict_qhot035_m128,15,0.3072203529656482,0.33749280375239565,0.37483530961791833,0.009469696969696968,258.75,27324.0,92.75,0.7303149606299213,4,4,128.0,1,128
N_strict_qhot035_m128,16,0.321628083530623,0.3499999999999999,,0.020723539745278876,566.25,27324.0,93.75,0.7381889763779528,4,4,128.0,1,128
O_strict_qhot044_m128,0,0.05000000000000001,0.08000000000000002,0.6205533596837944,3.6597862684819206e-05,1.0,27324.0,0.0,0.0,0,4,128.0,1,128
O_strict_qhot044_m128,1,0.07257695922829767,0.10780963323518476,0.5382081686429513,3.6597862684819206e-05,1.0,27324.0,0.0,0.0,0,4,128.0,1,128
O_strict_qhot044_m128,2,0.09934477306427171,0.13840445533459758,0.4268774703557312,3.6597862684819206e-05,1.0,27324.0,0.0,0.0,0,4,128.0,1,128
O_strict_qhot044_m128,3,0.12925848318441222,0.170476383034992,0.3069828722002635,3.6597862684819206e-05,1.0,27324.0,0.0,0.0,0,4,128.0,1,128
O_strict_qhot044_m128,4,0.1610350016471528,0.20276651473041807,0.14393939393939395,3.6597862684819206e-05,1.0,27324.0,0.0,0.0,0,4,128.0,1,128
O_strict_qhot044_m128,5,0.1933817204294536,0.23421760092864904,0.03557312252964427,3.6597862684819206e-05,1.0,27324.0,0.0,0.0,0,4,128.0,1,128
O_strict_qhot044_m128,6,0.22517164095918338,0.26404469451881885,0.008893280632411068,3.6597862684819206e-05,1.0,27324.0,5.25,0.04133858267716535,4,4,128.0,1,128
O_strict_qhot044_m128,7,0.2555374247509625,0.29173850689874975,0.014163372859025032,0.00016469038208168644,4.5,27324.0,66.5,0.5236220472440944,4,4,128.0,1,128
O_strict_qhot044_m128,8,0.2838918621825495,0.31702788661175546,0.07345191040843214,0.0023605621431708385,64.5,27324.0,94.25,0.7421259842519685,4,4,128.0,1,128
O_strict_qhot044_m128,9,0.30989950347439227,0.33982570766949244,0.15579710144927536,0.012022397891963108,328.5,27324.0,96.25,0.7578740157480315,4,4,128.0,1,128
O_strict_qhot044_m128,10,0.3334253141229418,0.36017447545630227,0.2536231884057971,0.03281913336261163,896.75,27324.0,95.5,0.7519685039370079,4,4,128.0,1,128
O_strict_qhot044_m128,11,0.35447918441159315,0.3781999524527023,0.3339920948616601,0.06789818474601084,1855.25,27324.0,92.75,0.7303149606299213,4,4,128.0,1,128
O_strict_qhot044_m128,12,0.3731667392711824,0.3940754588930067,0.4087615283267457,0.11705826379739423,3198.5,27324.0,95.75,0.7539370078740157,4,4,128.0,1,128
O_strict_qhot044_m128,13,0.38965047323575797,0.4079963732836867,0.48353096179183136,0.17676767676767677,4830.0,27324.0,91.75,0.7224409448818898,4,4,128.0,1,128
O_strict_qhot044_m128,14,0.4041214248138483,0.420163043699763,0.5444664031620553,0.24400709998536085,6667.25,27324.0,94.75,0.7460629921259843,4,4,128.0,1,128
O_strict_qhot044_m128,15,0.4167798455263962,0.4307700528771291,0.5780632411067195,0.3137992241253111,8574.25,27324.0,96.0,0.7559055118110236,4,4,128.0,1,128
O_strict_qhot044_m128,16,0.42782281437498615,0.43999999999999995,,0.38534804567413267,10529.25,27324.0,97.5,0.767716535433071,4,4,128.0,1,128
P_stride_qhot032_m512_s4,0,0.05000000000000001,0.08000000000000002,0.7799581371009943,1.4535728821443106e-05,1.0,68796.0,0.0,0.0,0,4,128.0,4,512
P_stride_qhot032_m512_s4,1,0.06089085027766174,0.09369542304279663,0.7579801151229723,1.4535728821443106e-05,1.0,68796.0,0.0,0.0,0,4,128.0,4,512
P_stride_qhot032_m512_s4,2,0.0729633685509879,0.10826739206030414,0.7259288330716902,1.4535728821443106e-05,1.0,68796.0,0.5,0.003937007874015748,1,4,128.0,4,512
P_stride_qhot032_m512_s4,3,0.08612040338074055,0.12355502105019264,0.6909994767137625,1.4535728821443106e-05,1.0,68796.0,0.5,0.003937007874015748,1,4,128.0,4,512
P_stride_qhot032_m512_s4,4,0.10023403916322415,0.13938654934025893,0.6486132914704342,1.4535728821443106e-05,1.0,68796.0,0.0,0.0,0,4,128.0,4,512
P_stride_qhot032_m512_s4,5,0.11515281272540166,0.15558735970110701,0.5972004186289901,1.4535728821443106e-05,1.0,68796.0,0.0,0.0,0,4,128.0,4,512
P_stride_qhot032_m512_s4,6,0.13070985563006426,0.1719871067389061,0.5406855049712193,1.4535728821443106e-05,1.0,68796.0,0.5,0.003937007874015748,1,4,128.0,4,512
P_stride_qhot032_m512_s4,7,0.146731153249344,0.18842555214865583,0.49031920460491885,1.090179661608233e-05,0.75,68796.0,0.5,0.003937007874015748,1,4,128.0,4,512
P_stride_qhot032_m512_s4,8,0.16304322119019324,0.2047569127894798,0.4195447409733124,1.4535728821443106e-05,1.0,68796.0,0.0,0.0,0,4,128.0,4,512
P_stride_qhot032_m512_s4,9,0.17947968176590667,0.22085271061574663,0.3512558869701727,1.090179661608233e-05,0.75,68796.0,2.0,0.015748031496062992,2,4,128.0,4,512
P_stride_qhot032_m512_s4,10,0.19588643394366193,0.23660325120917824,0.28950811093668233,7.267864410721553e-06,0.5,68796.0,3.0,0.023622047244094488,3,4,128.0,4,512
P_stride_qhot032_m512_s4,11,0.21212531086375094,0.2519179441722128,0.23626373626373626,7.267864410721553e-06,0.5,68796.0,5.5,0.04330708661417323,4,4,128.0,4,512
P_stride_qhot032_m512_s4,12,0.22807628295184862,0.2667247181192231,0.20944531658817372,1.8169661026803883e-05,1.25,68796.0,27.25,0.21456692913385828,4,4,128.0,4,512
P_stride_qhot032_m512_s4,13,0.2436383790634235,0.2809687853729252,0.21454735740450026,6.541077969649399e-05,4.5,68796.0,71.5,0.562992125984252,4,4,128.0,4,512
P_stride_qhot032_m512_s4,14,0.25872956222519133,0.29461098862658663,0.25693354264782836,0.00027981277981277983,19.25,68796.0,89.5,0.704724409448819,4,4,128.0,4,512
P_stride_qhot032_m512_s4,15,0.27328581768469024,0.30762592490007873,0.31763474620617477,0.0011119832548403977,76.5,68796.0,92.25,0.7263779527559056,4,4,128.0,4,512
P_stride_qhot032_m512_s4,16,0.2872597003853142,0.32000000000000006,,0.003404994476423048,234.25,68796.0,98.5,0.7755905511811023,4,4,128.0,4,512
Q_stride_qhot035_m512_s4,0,0.05000000000000001,0.08000000000000002,0.761119832548404,1.4535728821443106e-05,1.0,68796.0,0.0,0.0,0,4,128.0,4,512
Q_stride_qhot035_m512_s4,1,0.06283285692551613,0.0960793318586155,0.7405808477237048,1.4535728821443106e-05,1.0,68796.0,0.0,0.0,0,4,128.0,4,512
Q_stride_qhot035_m512_s4,2,0.07725602833341093,0.11331750116189565,0.7155939298796441,1.4535728821443106e-05,1.0,68796.0,0.0,0.0,0,4,128.0,4,512
Q_stride_qhot035_m512_s4,3,0.09310209544943875,0.13145348801824794,0.6615646258503401,1.4535728821443106e-05,1.0,68796.0,0.0,0.0,0,4,128.0,4,512
Q_stride_qhot035_m512_s4,4,0.11015085227031185,0.15021112181699375,0.608843537414966,1.4535728821443106e-05,1.0,68796.0,0.0,0.0,0,4,128.0,4,512
Q_stride_qhot035_m512_s4,5,0.12814588345397082,0.1693157152362034,0.5515436944008373,1.4535728821443106e-05,1.0,68796.0,0.0,0.0,0,4,128.0,4,512
Q_stride_qhot035_m512_s4,6,0.14681245189611616,0.18850791309668907,0.4637624280481424,1.4535728821443106e-05,1.0,68796.0,0.0,0.0,0,4,128.0,4,512
Q_stride_qhot035_m512_s4,7,0.16587448906125732,0.20755392628727212,0.37885923600209315,1.4535728821443106e-05,1.0,68796.0,0.0,0.0,0,4,128.0,4,512
Q_stride_qhot035_m512_s4,8,0.18506902541390743,0.22625198267365218,0.2751177394034537,1.4535728821443106e-05,1.0,68796.0,1.0,0.007874015748031496,2,4,128.0,4,512
Q_stride_qhot035_m512_s4,9,0.2041571027257682,0.2444353269827505,0.1881214024071167,1.4535728821443106e-05,1.0,68796.0,2.0,0.015748031496062992,2,4,128.0,4,512
Q_stride_qhot035_m512_s4,10,0.22293089113339257,0.26197240125795757,0.12742019884877026,1.4535728821443106e-05,1.0,68796.0,7.5,0.05905511811023622,4,4,128.0,4,512
Q_stride_qhot035_m512_s4,11,0.2412172677198619,0.27876495332695184,0.12637362637362637,2.180359323216466e-05,1.5,68796.0,37.75,0.297244094488189,4,4,128.0,4,512
Q_stride_qhot035_m512_s4,12,0.2588784490212289,0.2947447996827083,0.16588173731030872,0.0001998662712948427,13.75,68796.0,76.5,0.6023622047244094,4,4,128.0,4,512
Q_stride_qhot035_m512_s4,13,0.27581041575712545,0.30986986548357415,0.2316849816849817,0.0010974475260189546,75.5,68796.0,91.25,0.7185039370078741,4,4,128.0,4,512
Q_stride_qhot035_m512_s4,14,0.2919398675782645,0.32411998496211214,0.3093929879644165,0.004084539798825513,281.0,68796.0,95.75,0.7539370078740157,4,4,128.0,4,512
Q_stride_qhot035_m512_s4,15,0.3072203529656482,0.33749280375239565,0.37925170068027214,0.009920634920634922,682.5,68796.0,93.25,0.734251968503937,4,4,128.0,4,512
Q_stride_qhot035_m512_s4,16,0.321628083530623,0.3499999999999999,,0.02020102912960056,1389.75,68796.0,95.25,0.75,4,4,128.0,4,512
R_stride_qhot044_m512_s4,0,0.05000000000000001,0.08000000000000002,0.6135531135531136,1.4535728821443106e-05,1.0,68796.0,0.0,0.0,0,4,128.0,4,512
R_stride_qhot044_m512_s4,1,0.07257695922829767,0.10780963323518476,0.4903192046049189,1.4535728821443106e-05,1.0,68796.0,0.0,0.0,0,4,128.0,4,512
R_stride_qhot044_m512_s4,2,0.09934477306427171,0.13840445533459758,0.3470695970695971,1.4535728821443106e-05,1.0,68796.0,0.0,0.0,0,4,128.0,4,512
R_stride_qhot044_m512_s4,3,0.12925848318441222,0.170476383034992,0.19479330193615907,1.4535728821443106e-05,1.0,68796.0,0.0,0.0,0,4,128.0,4,512
R_stride_qhot044_m512_s4,4,0.1610350016471528,0.20276651473041807,0.07090528519099948,1.4535728821443106e-05,1.0,68796.0,1.0,0.007874015748031496,1,4,128.0,4,512
R_stride_qhot044_m512_s4,5,0.1933817204294536,0.23421760092864904,0.017660910518053373,1.4535728821443106e-05,1.0,68796.0,6.0,0.047244094488188976,4,4,128.0,4,512
R_stride_qhot044_m512_s4,6,0.22517164095918338,0.26404469451881885,0.013605442176870748,1.8169661026803883e-05,1.25,68796.0,43.25,0.3405511811023622,4,4,128.0,4,512
R_stride_qhot044_m512_s4,7,0.2555374247509625,0.29173850689874975,0.040293040293040296,0.000276178847607419,19.0,68796.0,88.5,0.6968503937007874,4,4,128.0,4,512
R_stride_qhot044_m512_s4,8,0.2838918621825495,0.31702788661175546,0.10531135531135531,0.003139717425431711,216.0,68796.0,96.75,0.7618110236220472,4,4,128.0,4,512
R_stride_qhot044_m512_s4,9,0.30989950347439227,0.33982570766949244,0.1826268969126112,0.013154834583406012,905.0,68796.0,99.0,0.7795275590551181,4,4,128.0,4,512
R_stride_qhot044_m512_s4,10,0.3334253141229418,0.36017447545630227,0.2582417582417582,0.03453689167974883,2376.0,68796.0,97.0,0.7637795275590551,4,4,128.0,4,512
R_stride_qhot044_m512_s4,11,0.35447918441159315,0.3781999524527023,0.34955520669806384,0.0707272225129368,4865.75,68796.0,102.75,0.8090551181102362,4,4,128.0,4,512
R_stride_qhot044_m512_s4,12,0.3731667392711824,0.3940754588930067,0.4086865515436944,0.11927292284435141,8205.5,68796.0,97.5,0.7677165354330708,4,4,128.0,4,512
R_stride_qhot044_m512_s4,13,0.38965047323575797,0.4079963732836867,0.47069597069597074,0.1789202860631432,12309.0,68796.0,94.25,0.7421259842519685,4,4,128.0,4,512
R_stride_qhot044_m512_s4,14,0.4041214248138483,0.420163043699763,0.5295656724228153,0.24672219315076457,16973.5,68796.0,95.25,0.75,4,4,128.0,4,512
R_stride_qhot044_m512_s4,15,0.4167798455263962,0.4307700528771291,0.6011250654107797,0.3162865573579859,21759.25,68796.0,96.0,0.7559055118110236,4,4,128.0,4,512
R_stride_qhot044_m512_s4,16,0.42782281437498615,0.43999999999999995,,0.3850986975986976,26493.25,68796.0,91.5,0.7204724409448819,4,4,128.0,4,512
E_pilot2_static_qhot044_m512,0,0.05000000000000001,0.08000000000000002,0.5556102362204725,1.2151258870418975e-05,1.0,82296.0,1.75,0.003424657534246575,4,8,512.0,1,512
E_pilot2_static_qhot044_m512,1,0.07257695922829767,0.10780963323518476,0.47019903762029747,1.2151258870418975e-05,1.0,82296.0,0.75,0.0014677103718199608,3,8,512.0,1,512
E_pilot2_static_qhot044_m512,2,0.09934477306427171,0.13840445533459758,0.3524168853893263,1.0632351511616604e-05,0.875,82296.0,0.5,0.0009784735812133072,2,8,512.0,1,512
E_pilot2_static_qhot044_m512,3,0.12925848318441222,0.170476383034992,0.2308617672790901,1.2151258870418975e-05,1.0,82296.0,1.5,0.0029354207436399216,5,8,512.0,1,512
E_pilot2_static_qhot044_m512,4,0.1610350016471528,0.20276651473041807,0.10361986001749782,9.11344415281423e-06,0.75,82296.0,2.0,0.003913894324853229,7,8,512.0,1,512
E_pilot2_static_qhot044_m512,5,0.1933817204294536,0.23421760092864904,0.02701224846894138,1.0632351511616604e-05,0.875,82296.0,14.75,0.028864970645792562,8,8,512.0,1,512
E_pilot2_static_qhot044_m512,6,0.22517164095918338,0.26404469451881885,0.01186570428696413,9.11344415281423e-06,0.75,82296.0,126.875,0.2482876712328767,8,8,512.0,1,512
E_pilot2_static_qhot044_m512,7,0.2555374247509625,0.29173850689874975,0.031933508311461065,0.00022479828910275105,18.5,82296.0,352.5,0.6898238747553816,8,8,512.0,1,512
E_pilot2_static_qhot044_m512,8,0.2838918621825495,0.31702788661175546,0.08896544181977253,0.0026565689705453483,218.625,82296.0,381.375,0.7463307240704501,8,8,512.0,1,512
E_pilot2_static_qhot044_m512,9,0.30989950347439227,0.33982570766949244,0.17164260717410323,0.012242393311947118,1007.5,82296.0,385.125,0.75366927592955,8,8,512.0,1,512
E_pilot2_static_qhot044_m512,10,0.3334253141229418,0.36017447545630227,0.25770997375328086,0.03389897443375134,2789.75,82296.0,383.75,0.7509784735812133,8,8,512.0,1,512
E_pilot2_static_qhot044_m512,11,0.35447918441159315,0.3781999524527023,0.33262248468941386,0.06916648439778361,5692.125,82296.0,384.375,0.7522015655577299,8,8,512.0,1,512
E_pilot2_static_qhot044_m512,12,0.3731667392711824,0.3940754588930067,0.41048775153105865,0.11828794838145232,9734.625,82296.0,377.625,0.7389921722113502,8,8,512.0,1,512
E_pilot2_static_qhot044_m512,13,0.38965047323575797,0.4079963732836867,0.47304243219597547,0.1788437469621853,14718.125,82296.0,390.5,0.7641878669275929,8,8,512.0,1,512
E_pilot2_static_qhot044_m512,14,0.4041214248138483,0.420163043699763,0.537674978127734,0.24568022747156607,20218.5,82296.0,381.0,0.7455968688845401,8,8,512.0,1,512
E_pilot2_static_qhot044_m512,15,0.4167798455263962,0.4307700528771291,0.5993547681539807,0.31588108778069407,25995.75,82296.0,390.75,0.7646771037181996,8,8,512.0,1,512
E_pilot2_static_qhot044_m512,16,0.42782281437498615,0.43999999999999995,,0.3858206960241081,31751.5,82296.0,387.0,0.7573385518590998,8,8,512.0,1,512
F_pilot2_capped_qhot044_m512,0,0.05000000000000001,0.08000000000000002,0.5662729658792651,1.2151258870418975e-05,1.0,82296.0,1.0,0.0019569471624266144,4,8,512.0,1,512
F_pilot2_capped_qhot044_m512,1,0.07207755325957116,0.1072171092506085,0.4803149606299213,1.2151258870418975e-05,1.0,82296.0,0.75,0.0014677103718199608,3,8,512.0,1,512
F_pilot2_capped_qhot044_m512,2,0.09819667101303851,0.13713319529104012,0.37292213473315833,1.2151258870418975e-05,1.0,82296.0,0.25,0.0004892367906066536,1,8,512.0,1,512
F_pilot2_capped_qhot044_m512,3,0.12738309998477615,0.1685179022960066,0.237587489063867,9.11344415281423e-06,0.75,82296.0,1.25,0.002446183953033268,4,8,512.0,1,512
F_pilot2_capped_qhot044_m512,4,0.15843428521179742,0.20017960358679707,0.11871172353455817,1.2151258870418975e-05,1.0,82296.0,4.75,0.009295499021526418,7,8,512.0,1,512
F_pilot2_capped_qhot044_m512,5,0.1901276158423472,0.23110692012980275,0.03964348206474191,7.5945367940118595e-06,0.625,82296.0,13.0,0.025440313111545987,8,8,512.0,1,512
F_pilot2_capped_qhot044_m512,6,0.22138352264163502,0.26053738657422654,0.01279527559055118,7.5945367940118595e-06,0.625,82296.0,99.25,0.1942270058708415,8,8,512.0,1,512
F_pilot2_capped_qhot044_m512,7,0.2513570431315265,0.28796477713831425,0.031496062992125984,0.00017619325362107515,14.5,82296.0,331.125,0.6479941291585127,8,8,512.0,1,512
F_pilot2_capped_qhot044_m512,8,0.2794624254374965,0.3131078647149347,0.09044181977252842,0.002058119471177214,169.375,82296.0,383.0,0.7495107632093934,8,8,512.0,1,512
F_pilot2_capped_qhot044_m512,9,0.30473288514192015,0.3353231242375447,0.16907261592300962,0.00943393360552153,776.375,82296.0,382.625,0.7487769080234832,8,8,512.0,1,512
F_pilot2_capped_qhot044_m512,10,0.32775098777191436,0.35528752246570383,0.246172353455818,0.026769223291533,2203.0,82296.0,383.5,0.7504892367906066,8,8,512.0,1,512
F_pilot2_capped_qhot044_m512,11,0.3485006459513705,0.37309735384189924,0.32693569553805774,0.05683447555166715,4677.25,82296.0,385.875,0.7551369863013699,8,8,512.0,1,512
F_pilot2_capped_qhot044_m512,12,0.3669825007064291,0.38883351980650244,0.4151902887139107,0.09962665257120637,8198.875,82296.0,374.0,0.7318982387475539,8,8,512.0,1,512
F_pilot2_capped_qhot044_m512,13,0.383366808006227,0.40269798205849583,0.47238626421697294,0.15391240157480313,12666.375,82296.0,381.5,0.7465753424657534,8,8,512.0,1,512
F_pilot2_capped_qhot044_m512,14,0.39787114273779217,0.41491375214831616,0.5365266841644795,0.2145730047632935,17658.5,82296.0,383.625,0.7507338551859101,8,8,512.0,1,512
F_pilot2_capped_qhot044_m512,15,0.41066470315457587,0.42564976368641405,0.4135498687664042,0.2804070064158647,23076.375,82296.0,380.875,0.7453522504892367,8,8,512.0,1,512
F_pilot2_capped_qhot044_m512,16,0.42782281437498615,0.43999999999999995,,0.386536101390104,31810.375,82296.0,380.125,0.7438845401174168,8,8,512.0,1,512
I_pilot3_qhot032_wr1_m128,0,0.05000000000000001,0.08000000000000002,0.808300395256917,3.6597862684819206e-05,1.0,27324.0,0.0,0.0,0,4,128.0,1,128
I_pilot3_qhot032_wr1_m128,1,0.06089085027766174,0.09369542304279663,0.7747035573122529,3.6597862684819206e-05,1.0,27324.0,0.0,0.0,0,4,128.0,1,128
I_pilot3_qhot032_wr1_m128,2,0.0729633685509879,0.10826739206030414,0.7358366271409749,3.6597862684819206e-05,1.0,27324.0,0.0,0.0,0,4,128.0,1,128
I_pilot3_qhot032_wr1_m128,3,0.08612040338074055,0.12355502105019264,0.7108036890645586,3.6597862684819206e-05,1.0,27324.0,0.0,0.0,0,4,128.0,1,128
I_pilot3_qhot032_wr1_m128,4,0.10023403916322415,0.13938654934025893,0.6742424242424243,3.6597862684819206e-05,1.0,27324.0,0.0,0.0,0,4,128.0,1,128
I_pilot3_qhot032_wr1_m128,5,0.11515281272540166,0.15558735970110701,0.605072463768116,3.6597862684819206e-05,1.0,27324.0,0.0,0.0,0,4,128.0,1,128
I_pilot3_qhot032_wr1_m128,6,0.13070985563006426,0.1719871067389061,0.5438076416337286,3.6597862684819206e-05,1.0,27324.0,0.0,0.0,0,4,128.0,1,128
I_pilot3_qhot032_wr1_m128,7,0.146731153249344,0.18842555214865583,0.480566534914361,3.6597862684819206e-05,1.0,27324.0,0.0,0.0,0,4,128.0,1,128
I_pilot3_qhot032_wr1_m128,8,0.16304322119019324,0.2047569127894798,0.3810935441370224,3.6597862684819206e-05,1.0,27324.0,1.0,0.007874015748031496,2,4,128.0,1,128
I_pilot3_qhot032_wr1_m128,9,0.17947968176590667,0.22085271061574663,0.3313570487483531,3.6597862684819206e-05,1.0,27324.0,5.0,0.03937007874015748,4,4,128.0,1,128
I_pilot3_qhot032_wr1_m128,10,0.19588643394366193,0.23660325120917824,0.27667984189723316,3.6597862684819206e-05,1.0,27324.0,10.5,0.0826771653543307,4,4,128.0,1,128
I_pilot3_qhot032_wr1_m128,11,0.21212531086375094,0.2519179441722128,0.24209486166007904,4.5747328356024006e-05,1.25,27324.0,25.5,0.20078740157480315,4,4,128.0,1,128
I_pilot3_qhot032_wr1_m128,12,0.22807628295184862,0.2667247181192231,0.21673254281949933,2.7448397013614406e-05,0.75,27324.0,45.0,0.3543307086614173,4,4,128.0,1,128
I_pilot3_qhot032_wr1_m128,13,0.2436383790634235,0.2809687853729252,0.2259552042160738,8.234519104084322e-05,2.25,27324.0,74.25,0.5846456692913385,4,4,128.0,1,128
I_pilot3_qhot032_wr1_m128,14,0.25872956222519133,0.29461098862658663,0.27140974967061926,0.00021958717610891525,6.0,27324.0,94.25,0.7421259842519685,4,4,128.0,1,128
I_pilot3_qhot032_wr1_m128,15,0.27328581768469024,0.30762592490007873,0.3204874835309618,0.0015005123700775874,41.0,27324.0,94.5,0.7440944881889764,4,4,128.0,1,128
I_pilot3_qhot032_wr1_m128,16,0.2872597003853142,0.32000000000000006,,0.0032938076416337285,90.0,27324.0,95.5,0.7519685039370079,4,4,128.0,1,128
J_pilot3_qhot032_wr4_m128,0,0.05000000000000001,0.08000000000000002,0.7980895915678524,9.149465671204801e-06,1.0,109296.0,0.0,0.0,0,4,128.0,1,128
J_pilot3_qhot032_wr4_m128,1,0.06089085027766174,0.09369542304279663,0.7631752305665349,9.149465671204801e-06,1.0,109296.0,0.0,0.0,0,4,128.0,1,128
J_pilot3_qhot032_wr4_m128,2,0.0729633685509879,0.10826739206030414,0.7549407114624506,9.149465671204801e-06,1.0,109296.0,0.0,0.0,0,4,128.0,1,128
J_pilot3_qhot032_wr4_m128,3,0.08612040338074055,0.12355502105019264,0.6966403162055336,9.149465671204801e-06,1.0,109296.0,0.0,0.0,0,4,128.0,1,128
J_pilot3_qhot032_wr4_m128,4,0.10023403916322415,0.13938654934025893,0.6538208168642952,9.149465671204801e-06,1.0,109296.0,0.0,0.0,0,4,128.0,1,128
J_pilot3_qhot032_wr4_m128,5,0.11515281272540166,0.15558735970110701,0.5935441370223978,9.149465671204801e-06,1.0,109296.0,0.5,0.003937007874015748,1,4,128.0,1,128
J_pilot3_qhot032_wr4_m128,6,0.13070985563006426,0.1719871067389061,0.5276679841897234,9.149465671204801e-06,1.0,109296.0,1.0,0.007874015748031496,1,4,128.0,1,128
J_pilot3_qhot032_wr4_m128,7,0.146731153249344,0.18842555214865583,0.47035573122529645,9.149465671204801e-06,1.0,109296.0,1.0,0.007874015748031496,2,4,128.0,1,128
J_pilot3_qhot032_wr4_m128,8,0.16304322119019324,0.2047569127894798,0.39624505928853754,1.60115649246084e-05,1.75,109296.0,2.0,0.015748031496062992,3,4,128.0,1,128
J_pilot3_qhot032_wr4_m128,9,0.17947968176590667,0.22085271061574663,0.33399209486166004,9.149465671204801e-06,1.0,109296.0,5.5,0.04330708661417323,4,4,128.0,1,128
J_pilot3_qhot032_wr4_m128,10,0.19588643394366193,0.23660325120917824,0.2723978919631094,1.3724198506807203e-05,1.5,109296.0,7.5,0.05905511811023622,4,4,128.0,1,128
J_pilot3_qhot032_wr4_m128,11,0.21212531086375094,0.2519179441722128,0.2503293807641634,9.149465671204801e-06,1.0,109296.0,23.25,0.1830708661417323,4,4,128.0,1,128
J_pilot3_qhot032_wr4_m128,12,0.22807628295184862,0.2667247181192231,0.2042160737812912,1.1436832089006001e-05,1.25,109296.0,47.25,0.3720472440944882,4,4,128.0,1,128
J_pilot3_qhot032_wr4_m128,13,0.2436383790634235,0.2809687853729252,0.22200263504611334,6.63336261162348e-05,7.25,109296.0,73.5,0.578740157480315,4,4,128.0,1,128
J_pilot3_qhot032_wr4_m128,14,0.25872956222519133,0.29461098862658663,0.2723978919631094,0.00023331137461572244,25.5,109296.0,93.5,0.7362204724409448,4,4,128.0,1,128
J_pilot3_qhot032_wr4_m128,15,0.27328581768469024,0.30762592490007873,0.3010540184453228,0.0011230969111403896,122.75,109296.0,96.5,0.7598425196850394,4,4,128.0,1,128
J_pilot3_qhot032_wr4_m128,16,0.2872597003853142,0.32000000000000006,,0.0032389108476065,354.0,109296.0,93.5,0.7362204724409449,4,4,128.0,1,128
K_pilot3_qhot035_wr1_m128,0,0.05000000000000001,0.08000000000000002,0.7509881422924902,3.6597862684819206e-05,1.0,27324.0,0.0,0.0,0,4,128.0,1,128
K_pilot3_qhot035_wr1_m128,1,0.06283285692551613,0.0960793318586155,0.727931488801054,3.6597862684819206e-05,1.0,27324.0,0.0,0.0,0,4,128.0,1,128
K_pilot3_qhot035_wr1_m128,2,0.07725602833341093,0.11331750116189565,0.6959815546772069,3.6597862684819206e-05,1.0,27324.0,0.0,0.0,0,4,128.0,1,128
K_pilot3_qhot035_wr1_m128,3,0.09310209544943875,0.13145348801824794,0.6241765480895916,3.6597862684819206e-05,1.0,27324.0,0.0,0.0,0,4,128.0,1,128
K_pilot3_qhot035_wr1_m128,4,0.11015085227031185,0.15021112181699375,0.5576416337285903,3.6597862684819206e-05,1.0,27324.0,0.0,0.0,0,4,128.0,1,128
K_pilot3_qhot035_wr1_m128,5,0.12814588345397082,0.1693157152362034,0.48913043478260865,3.6597862684819206e-05,1.0,27324.0,0.5,0.003937007874015748,1,4,128.0,1,128
K_pilot3_qhot035_wr1_m128,6,0.14681245189611616,0.18850791309668907,0.3830698287220026,3.6597862684819206e-05,1.0,27324.0,0.0,0.0,0,4,128.0,1,128
K_pilot3_qhot035_wr1_m128,7,0.16587448906125732,0.20755392628727212,0.29907773386034253,3.6597862684819206e-05,1.0,27324.0,2.0,0.015748031496062992,2,4,128.0,1,128
K_pilot3_qhot035_wr1_m128,8,0.18506902541390743,0.22625198267365218,0.24242424242424243,2.7448397013614406e-05,0.75,27324.0,4.5,0.03543307086614173,3,4,128.0,1,128
K_pilot3_qhot035_wr1_m128,9,0.2041571027257682,0.2444353269827505,0.17391304347826086,3.6597862684819206e-05,1.0,27324.0,10.0,0.07874015748031496,4,4,128.0,1,128
K_pilot3_qhot035_wr1_m128,10,0.22293089113339257,0.26197240125795757,0.14097496706192358,3.6597862684819206e-05,1.0,27324.0,31.75,0.25,4,4,128.0,1,128
K_pilot3_qhot035_wr1_m128,11,0.2412172677198619,0.27876495332695184,0.15217391304347827,8.234519104084322e-05,2.25,27324.0,63.75,0.5019685039370079,4,4,128.0,1,128
K_pilot3_qhot035_wr1_m128,12,0.2588784490212289,0.2947447996827083,0.18972332015810275,0.00022873664178012004,6.25,27324.0,88.75,0.6988188976377954,4,4,128.0,1,128
K_pilot3_qhot035_wr1_m128,13,0.27581041575712545,0.30986986548357415,0.26515151515151514,0.0012992241253110817,35.5,27324.0,91.0,0.7165354330708662,4,4,128.0,1,128
K_pilot3_qhot035_wr1_m128,14,0.2919398675782645,0.32411998496211214,0.3257575757575758,0.004501537110232762,123.0,27324.0,94.5,0.7440944881889764,4,4,128.0,1,128
K_pilot3_qhot035_wr1_m128,15,0.3072203529656482,0.33749280375239565,0.38998682476943347,0.010842116820377692,296.25,27324.0,94.5,0.7440944881889764,4,4,128.0,1,128
K_pilot3_qhot035_wr1_m128,16,0.321628083530623,0.3499999999999999,,0.020778436539306104,567.75,27324.0,92.25,0.7263779527559056,4,4,128.0,1,128
