code_id,m,candidate_index,graph_seed,construction_attempts,classical_H_sha256,classical_rank,classical_distance,n,k,rank_H_X,rank_H_Z,section_fingerprint,logical_frame_fingerprint,code_npz_sha256
m03_c00,3,1,1833726724121472376,16,057313f2f4cbf7295364fd041eb0db6a15f3b7583df136bb53b4a1af89fde30f,9,4,225,9,108,108,fde170483be7e8835b3f763f6937d98c743ba47970994309190ef53cb9171630,7f7350b7093613b2eea30b46a0ad99209e60bf10a98904cb3cb2c01688510561,9cf9eae8634d741ef0645dc6aa27d8c17d95e8b508a5cbc4514799021639622b
m03_c01,3,3,1776929286590871384,1,a28661aee41556186ad71ebd91b661c6dd5c4d8550d8fdb418147cfae87a20c1,9,4,225,9,108,108,9dd9567b105789294190cc1bce341e4cde067389f92c5913f0170b2b3dbf2058,2d0c99a2aebd78b4bf328219c6ba6012f977d324d7d31580888c7c77c2114c4a,3befe8aef00ffd1421f17bafb01239ecc270f82bf4fd3b812d98f9a63f57a827
m03_c02,3,4,6254586124548351213,15,ff539e231b2d937fdd96b21ee191d07fe540a0b70ba85780a5e6cab30b8cf605,9,4,225,9,108,108,6c3f510e5f887e272bed351819f9661447569509fa66415e19f12294a55d1846,8f90d24dbc4ab734def50e32d9362a9193f46578d6d21f340f0ee6ea86d31e61,481d7d0abbb7f3c20b5cae11c6554cb9f2a4335db0ab53f4aeaaa3301ffc757c
m03_c03,3,5,4858795612864983804,1,a57c062eae5665f9b9ccd6c22c4e021fc7956f8dbd94571f85f5a6abb39a00b9,9,6,225,9,108,108,a2b91a00964f3cb5ae35fbc1c149a65322a66698e6e279299f7c1be12408e8f4,3e4e04c0b243baa14f66e4c961997060e1a7819f9bd8328f96a637389445bec8,6f0568bfead7fe9e63426f60b4d5ce98f951f5395ed2108d84cf8d44724a4135
m03_c04,3,6,1801289065217194594,24,e1f3f48f636f5ef363f58b074391c9f27ba102161ac739dd20fc63c3fb7a2444,9,4,225,9,108,108,4382085c8170a553372054763949d1befe19d1820cd7fcda2afdcf004b2ea470,b507e1536917090404b3d009eec078a7d15d3ed107fe743fd70893a26b3aecd4,0a191c77986cb9111fb66f2f9bec771c4b4975b4d6fa7e3e80b754c707dd7481
m03_c05,3,9,1968400196555618637,14,bfeafc05a21db3a39d450272fce016ca8628edb481caa2b1ff4ff28e35ef64fd,9,6,225,9,108,108,70245358f89659750f5894b275cad8c6cffea4de1aae7857c8f2fd31f208c355,6dcc805df39085208a29b6d74b7d5b43aecf21d8bcbbc58807202920c5382b89,a2ba5d405e64dff2e32a6dc57b002108f7f243e53fc9f07d127e6069924fe772
m03_c06,3,10,2548270594712249965,17,f5452eaea3e93cebaa1306e5b670e43b9551890c00187e5aa4d7b9a77d21b3f6,9,4,225,9,108,108,ac365f31aecd7c0a933445d97dcfa337443c55b1257d597c3965d36a64fbaf47,6a388ede9bef46d33009042caaed07c2d2f58129ec61b7b3198ef7ecd830a41e,cb237afc9d93f6b0829d15870fe21940d8e762ee998b3f2108d8acc024380687
m03_c07,3,12,1242633291213582306,10,a0ad3f0b9633fab751ac904d17f2a20ec105ed1a59349d0fb427247ebcd01e85,9,6,225,9,108,108,e8b2af65fbeaf6d188217ed917a4ffbd4269126e4aa7f799236fb15b7c2fd481,5306fe1a065c5e980d390cfd58024b32767ae91b587e01e162df06bda536a37c,6bdf14f54bc98cbde4f05207024901720693edd508bbd7be629fff739b206380
m04_c00,4,0,2253203532503743743,17,87166e2b6f28c47a0d3aa71e6031f15899e8294c722998966debe2b37713b5b7,12,4,400,16,192,192,673d78ffc81fba2d91a6bf81061719860881c302b59ab7c31c49aea4f3aa18bb,30a2f334460a3dd79f460e095191203ba3d4085aac00f6357b033f1ac1ad1ad8,2ddb07aeb7be64a3b1442fc421cc6113736dc6c8364cdc7a23a8be1f4548c8cd
m04_c01,4,1,3058899636341250894,9,de492ddc26f6c13c6fda128faac5810aa027398750d9fdeeabfb4c3f70cf109c,12,2,400,16,192,192,43feeaa16574cbc8b4ca329315ab677f479aa23e173d9100beef9a59c643b7e7,9cf40d8814a616769ba95cb144c96c1640e82509576e6e441f30a9afb0dd4181,36ec10319c506eae83c3b98f44e050b4e9c1987bb8b37950553923e9060c72f8
m04_c02,4,2,354295347041267640,12,3c6f35d4d9a9fea9f9467d5b2b2a2af2ce48d0767838f0a75f611dc8ad96a08f,12,8,400,16,192,192,96fdfcc21446740c71f69565b159f381bf9e2ef1a9ab066ebdd1984f8f8bfb3f,22549d1f730d58b7a1851c7498e94fe6971920363ff98eea4c811e0b6bf2dbc8,3dd4440eaaabf19f2148d80181088c7d2d97d2ff831bd9282eb557f2bc879c5e
m04_c03,4,3,2974642277296119365,4,33b1e75f650d608967955eb510b082b40689c3ee8bed03d13198c48455769ef2,12,6,400,16,192,192,80f099e1a33293336fa16a1e335352af9b77828c4c426871185a9a2987358fa8,c453ea1d4668140d7fc5454fc28b12e96ec7e29dc28877b73d5a843f50f2b90a,892d618645ab8ce566ad16039b1a7d388ed5c1417166269bbe4d6c95d42cf61c
m04_c04,4,4,7136841452541290074,14,703b75046a04b24ff8b6d86cdb58b65aad46715af8288d7229d8daf103279a69,12,6,400,16,192,192,255e0e930b66d425e4bd49c02e9867b97af77329555384b39d459c6d44bc5525,536048c8b0e0a4153ac1e6a144b647496988adca595d4f6a4b85b8abf66abc8d,cd3e7b013f1308b3a978c365c8fdc205e54433bc8efc7a6d1fed3ba822a4d1aa
m04_c05,4,5,4037629890937587570,7,e429d3a1c5002a9c02163b607727ae632640c110098dbba1e92122cfd0a4155d,12,6,400,16,192,192,e7e1dc86e445b832748f2000fe10466fe3804a48fd392afb72272c94923c140b,df71cd3c71501cd55eb991b763f14c79a9194db0f66b37d0596a073a19d65d7e,ef55c0d3d65aa495d56937f12423b8d88444b269ffb931a1704eae3e93323f16
m04_c06,4,6,913511148201770772,37,80ed95e024c61eb82eeb3212f6f6fa4e6ec935336a571aa68555fa395949a718,12,2,400,16,192,192,fd41300e268d1730c2d17e9476d4d47ffd6aa888ebc01d6ff743c58f60d6123c,da10552e7d8a2eba1307100672b61e9867bc36ed602409d238c3e6835dfb6099,e8cb67f1fc57531ce11c9916fdd7651403782fa37e4f7d7d42c04a3115a327f4
m04_c07,4,7,1728692820170631958,25,5c1543cac66bf0a6f37ea49d4346eb8e2889e81f2c5d2af86822346e97d11b64,12,2,400,16,192,192,c4eab3ea2a6c9e9fbbbc1487ff20d741d88fd48de863c7b8a10a8687ea8dd9cb,368e81825c617c8464ebffb2d94514df4c5798ad2f051ce526f83c5053156fe1,25908c8a357e0c92aa32887e5a4c46d2f4a06a2daa45850fb8ce76857e970897
m05_c00,5,0,6992168345964125817,7,024d609ded5ed65084a261d0cdec3b4fb1be40f56f522ed0024e29bec6d300b5,15,6,625,25,300,300,b6908226bc9c015439013d9952c3ae9e6b20c1e9d31c9ac2d6e6141e5ee3657a,cd40cbf3fa3a19e987abc96c940b4a85dc85386a67bf043f23fffe6415e17390,5dff5ad2674733edbf28168729ad18fcc0f979818b982b77132ba5ece9ee96d6
m05_c01,5,1,7614656592535934725,12,b1a478bf4afe4e723d46e480ba2e9cc006cc6c5d05493983a7b791980fc605c0,15,2,625,25,300,300,f66b7d4ed60b68ca0f16b266b10728ee3f03749d107fa4dcc13404b0a72e0943,4426d25d1273b42dee26eac5a54c7b94d61e22ac634d4323e628184c9242235f,cd16a6b49dffaef0d4e6ef42c284fa942501f010e923d163a6ff28997f94c388
m05_c02,5,3,998238802709106284,5,8950b4b4438b511d1319865805be8729d5bb0077a4f4e2fd45d90139a797323f,15,6,625,25,300,300,aebd8c01c54c3a18cae53089a2e5d59ef836666a0c091dcb5b27a2d152a29894,6314b1e9afe8b33c9fc932ed9fe733e3253f5a53618257c8d05a6f5ad8c8c000,068d2f5b72c8c8f9ba142f572c7b85681e43431ff195de714d7aee7c21bd0848
m05_c03,5,4,9216568195248971594,21,c6448a69e2555f9ab7ff96de26bca81904e6898ae5890a612d4065d1626ea0fc,15,4,625,25,300,300,601eea46ffce0e616512c1e4765067f004a3f926d0b6b6934a07c5847b5f0208,832ac9b050d13b7ca9b28850c8038467e11c3e4eaff56b4dd7f39bd2c5ca59cd,723a6bca4b993335e0b0d314407d2fb2a3d5c80873a5fd273080a8b56228226e
m05_c04,5,5,532290434930249977,22,99407cdb08c7da9e5ba25fe17cb307a0b589b548aa7475f19a5dddff8395de72,15,6,625,25,300,300,8f7e8b61511dd095639fe2ea950494974e4177ca9d3cadb15fca6c751327997f,09a827a413de4b53abaf14a743b7941b4988e877d6de182226e6981629b1041a,b8f1f4d5822440289f6a2f46728c69e4c6f9ab7cb5c5a318d20e3e930a8ca4bd
m05_c05,5,6,6205663089771198537,42,70d24f33d30b66c15a8f63bd07d38bef791d755494ac7f16af1b4a442b030a50,15,6,625,25,300,300,b72ee53bfe653bbbe8c9ea603c84a5b70e91f89254559478efc7d17a31180580,3ae41092d68a17e89ff90faac776cfcafcbbe176e7602d1ac726fa657505bffe,a748450520e325989ea546659889db809d8d6e416b9c9578753087826c75a88a
m05_c06,5,7,8818374288620579089,7,83979e44e1e4854ec38dd8956fdb49ff60f5da138dc969bc1b6df2f5303cc830,15,2,625,25,300,300,b870bceb884f6d7bae5bcfd70defde540d1b3655e7240e63702fde457d42f3cf,f9311aafb339598c74ba7b2f7475cd9a9f44c4d3a88f051106aacea6e7efe20f,3d10f3a7ef1d99e57cde4f3a089cfa317620647734da6c550efc5c1dbe8a011d
m05_c07,5,8,6703826000772565633,14,0e34a904530b5037ef579ef4326154af173b0c0a99387dd4c75c7e08c101a001,15,6,625,25,300,300,d030d4ece5e45bc2a1d025073308923d01eed2bf8ba9dd1d0eadb366ce07d774,bda042d2131ef3389fa105c0bcb9faf0206a0ad6711c4c646d4979b2ecd187f1,a305d885b6a5227c3a69463d659810d06d545e41717407ac370a9ff2dd202758
m06_c00,6,0,1957011217083326110,33,119afbe41c5bdde0fec92d8a40f19a0b89282584b313cb186a3ec4536ac263b2,18,2,900,36,432,432,910fcba5d271c53df7dd716740ab85c42f59dae29ddd04dd35bd23fc75bb15a6,4243e953937b745310eb8b7e4fcaba3f8f698316744686909893126a2ae52795,4a361efaac5b41f9becf9a25379f8fef5fcedab94da8866c18a0577dafc7a143
m06_c01,6,2,2503247480903115156,7,fdb84c82211fbd0c340603f27ae21b880032770e4c8659ad04cccc4b4db7c050,18,6,900,36,432,432,2b50ffdd5cde77976dda9a9b38ab6fb6c5fb37809506d34cf2b7380b3aa5d928,dc5194b3fc499f13da7f320569ced65f9326bb328a3f02ea2a546fb0577c3b8f,26ba2cb2b5ab178131a4f5edde7d1287a06831eca408b3649b30e2e8221c6489
m06_c02,6,3,2830601025004152776,33,52a2cbdf4c2f5f7958c6809eb7ceca6fb3c9be7e8eb09490c6daafd4932b95f2,18,8,900,36,432,432,e2b31606151b6bacfd748b806ed2f050145cef8b45fcdfdcbe3850cbb1071d7c,ee5a55ba737407553c342ad21c8ba0b420f8028e3b1d5e40e394a291aee30aa0,741164b3897d57536b119190b5ad181d5bb8571183b69af66279b31d9bda134c
m06_c03,6,4,9043597234681182080,21,7ccc863a28565da0dfb4e6f0641f021b8c76becfc3a6b2890193caddc6beff2c,18,4,900,36,432,432,8c1e33c9e676e9fccce4cb0569d984056b15d4c222c3c654259a01e3b01ada0c,86446f045d77fff1462524229426e7cd172a1334bfe01dcf79b58a3cd76856c3,14bea7499dbcf3823391df0828cbe29322ae9298b3afe8ecab1121a052efc1e8
m06_c04,6,5,2686636929019202356,85,f88f79c9592ac963e1b0197749fecf4280d765c49a69f34f83c9117a575c3566,18,6,900,36,432,432,c24754ff5f30502175a500cfe225b6992a6014ac72d15fb811cedb2774507e4e,d48ac115b84527844850123e2da84c0fc4b3f4634268c7233b7454b6a8dbe60c,f5866aa4295c9b46de9a110da6a839cd78b0009441907705eaea9c392ab56356
m06_c05,6,6,3117548124889844754,5,f9b7cfa33c2f0b550a3c946ee56245eb04ffd18f2b74aa1558154091af94142b,18,8,900,36,432,432,b3b3cbee56f8ced2e4cb6baa81850a88b9980a5a04da7b0b4770480ac6d6f901,fb986412f283ca038b7de41dcd08d8904e5735ac437648bde7e9ec9a5c0cce19,b6e420a802b57f0626c223f1af4eaf26ed193ed120edaf8502b954c39705d30d
m06_c06,6,7,3172405307525261715,2,0fd98064141b96f7aca79ad3c01cc733faa0d04647f5eb830d6a29441c0cbe74,18,2,900,36,432,432,81062772948bb77de9be51ef645d718dbc467c8b76a3b34cd22de9b2f1c1ca5c,ba5c61c8dd4df108f2cee2672acee70985394684214763f5fdac24b89788bc16,a392620a4e08ea1e69f0531aa4f8bf5158b5d0468a1d74bc0edb558f2879c473
m06_c07,6,8,1505007479642146801,30,84dc647ed4bfb9b3737a06fd84b45cc1b0fd98495f4fe943e5672d391faca905,18,6,900,36,432,432,936ba9ffd582477682a03c95cc4aa9e9c00e8bf17e7292cf88385a2fdd06c7be,2bc1c32b21cc521d9187ebe21f2770ce150fecef984a2188e2413d7b9decb09b,b87ee8c145f4b66f3ceffda025f5c03f0ed0a5ab08561a3c3fdafa7d5a2df918
m07_c00,7,0,3636456599711717076,16,3bab4d51a660e874de3ea0ae241c8e791b71d341a19dc7bf9f7c0ceab1d12b8a,21,6,1225,49,588,588,f0de85b636ff9d486fb2eb060d7bbca11e879dd8d3c18e8a2239ae90d2c54667,0bb3f666cc2a148fad992e438fda11061ee22bc84037a656542d46b119150c10,c820d580111f6f6ee90aa59495c190e673783fddccaf160be10ab49fbbb6d516
m07_c01,7,1,3853581360251671728,4,d55e974a9d93cfff2bc36ecf853841eb25a5f16034b9a5058e28c298ecab07a4,21,6,1225,49,588,588,ea1b0537a36e298f059e985d3f14fd025dfc92456bef97ce6bb2a45f13ae73c4,43e7e9b1ad712d3ae7b10f58319aa7728e50b8e829b7da5118ce0cf5664ec5eb,209800ab79a8ec16269a38ed3d8d1cdc0eefd94ca5b77b018aa97e81581334c3
m07_c02,7,2,2933987738829539892,30,593b789cf218a370eefa76f39aad57b2e09f6d4782b1b3fb46c04d00581249d3,21,6,1225,49,588,588,260a5f1f792d7438f29340b5517bab5144ee7ed153de6e2bf4e2a6183448f912,8857376f811f412540bfb0c2be2f6b14c0bf43a34bdf0cff59d8e3d4e726324c,594b7427e4ab9d227fe4ad5ac8dd395a44eda645c2a7eafac7f2a5a0383e4c0b
m07_c03,7,4,8991188957731464024,74,8a79e5083977d688d4e1ecc9f8661c18aae26902c120ee71f25564b65996b881,21,8,1225,49,588,588,e8bc943746a41584f5c5bd0d0af7cc2ae3a1069563e4545936e12a7843eea2b9,5463a1a6f31f0bc46721efb902dc0b074b5d69466b7093696be72f69cfb5f2ae,2353382efd95da7f322df55a9fadfa380f907b295d5682d1d4b7aa744233703c
m07_c04,7,5,7707906817560585520,169,4e2787bd83b2cd1c250bb53720ceed4ee0754e53d0a4a0c6d79714758b6d8d06,21,8,1225,49,588,588,7f20f882acecf0f17f38b52c5eec47ac40898b93ea3be434714b55b73f217bc7,bfe664cd5803605b3d5be19938cd0ec957eb8802d6fc282714243e9006ded0c1,bb05bf15fc1e5eaabb9037a259807ed24aa5267465c75fbbf92b53710fdb8402
m07_c05,7,6,2937788557323527550,49,4dc9ad8faeecb0692f6c9c6113171ba1cb432be4ddd2e6bae7a8046267d96ab9,21,6,1225,49,588,588,0d1059402cfae7501b7fd9b12ffcad455a0c2f39c12eea5856aa8e5e4c8ee36c,074b5480dff59857f9979b975169c545d73be901a17fa6a3a8f9ce266e76ad21,0d448834952188b139eb6f741ee606696b02114e4a3267eaf4daa88d50ef4f95
m07_c06,7,7,3427516938593489760,59,b56210b03ca104fa45077545c8152e318579c2b5d68ee0fb03b46892d41abefc,21,8,1225,49,588,588,ac5d630985683c231ed3ac71756fd4a2e7696cba8acd6029502556f64cb2ea16,0391af6392523047833f6608595057fbeaf063c504d81cb6bb2aab6aa6278a12,6eb2c0f0a1c315308d8e390661be3708a5ca52f01f71cc91b8f17db9d23d81af
m07_c07,7,8,5340628836598007024,9,3861f736b8182631224987c62d1a1e2d9fafbbf405b0c3cb37dd7e1738a23785,21,6,1225,49,588,588,ccf4820165f0c76f6c399ec34b41874eaf6e2d9153743fbca38b0cda76c8b6b2,c3dfd75549b07b6f259e676aa76673ede577a960f8bc22382df948ca27c99dd9,ac8f3a4f7909648e5fb3b56ebc71d0138e9eccf8298d7500de381a894c063906
m08_c00,8,0,765347746706124008,20,729ea4f6fd194a264692f022fc1e0035a06e3b87744475082114feb9a2100722,24,8,1600,64,768,768,1e2ee8b960bb08e08b900d7f1ce1005a2d98797338ad02a7d5289c43bfeb0ec3,5d527021f7e92a34ff9c40cacea7b6e7082fb0ee32f17c7098044efd70caddc9,ed9af3f7d279df5619a8fe322aa187aefcd446c28709a5610b0e05b6251dc12a
m08_c01,8,1,5208725084799645001,30,2ad37bde8e2aa9e7eb29eac1a76c50206d7e5f6a13b906f9e16ed10486685ccb,24,6,1600,64,768,768,c98f1a48ea0157c03a45501ca007dc654b8e76935f37cd0b572ec9e38b7856fa,b07df6ae74b18ea2592900b2dc43bba6807f1e9249347b43443d912fe6388aa9,e6eff8413a95c2ee8d4e2566c2677ac6df019048f618033336ab6a0becbd4c4b
m08_c02,8,2,3304540212707841444,5,0c8ac424bac173c7caba2a65c30d2804de9ea3057f9d408899a4f81e3d29cc2e,24,10,1600,64,768,768,4873a1a938e00ecd0eb81dd25bccbff1c0b944903c914059f4be0b923ece0f5c,fc2cca5b1c2fad3a0b236cca9ee3eb7f28a12d520d058cfa26f6cc0f4b21af02,7d3b768a4235443541e8cd9c6f78e3509b96f43597a2af64674739e44b7a211b
m08_c03,8,3,5348474174999640680,4,4c9973801e4305941f4879f7cbada02e893f299c1d666614160a947595cbcc06,24,8,1600,64,768,768,33c59b78058ebbd4a91ce22e785c2323310af6422a272cd8d9cdbab298d6afe9,81419ef62558a49f6f9170172d1906d18466f17558ac79c2ef2ca66768ad2de0,9050033c2a4abc16eab19f1d850654628d8907d35aa1ed20428ccf1f8d9290f7
m08_c04,8,4,1547732733490192790,37,4df6fc6deea3e14dea87f533404d3f0af42bcb1b795c4c2fac280e3daec5e09f,24,2,1600,64,768,768,eb6dfbceb004fee43d8ac61700c8f19f4126d5f375c408b51826e367d4256186,aea5cd494c4ae3887bf11e6d185a95f1645ec5b87d29bdb3c9e04699e4190ea0,0d15d54a39c2e429b8ff746171b2f5d6407c07556dbf8e2e4ff8be46cd963d5f
m08_c05,8,5,2236382130245980996,20,0a9446e6619cb1aa1c6a1ff56d8245522effa7d7a2afe29c9b4ae792d5ccba97,24,10,1600,64,768,768,c45d68f7be06eebbc774338cfd131f7f3faeb24c9c34306e7756c899f67a8f02,6b7b90dd2ba8b73aa6e9d60b94cd51cc0185ef562de6a921dec468f7c93ca7d4,a207387bd8f32491e095b1abe3b037360a4e3e9820488c1458f98386cba8615f
m08_c06,8,6,8576153262225070804,34,20425379cb375ce011c3b557a55fe996c0aa2afb6a309c9976bce02255d1822a,24,6,1600,64,768,768,e276065188efa3c930e073bbfbd205b18d0afedbedfe8792392404c838100265,b7b15645cfecb817361a27852ace01ac749aa0cd40cbf47a360a09a52ebf9474,97e93376c38777d41fc1ccec7f4fefbeec55a69dd4197d5c77f3abe6d35547f2
m08_c07,8,7,1890035499950070710,13,0c651cd5ae7d9a40d670488931e47b4b5f49413d9c915764b0d04b6eec2376c6,24,4,1600,64,768,768,cf3d3819d0738143ff56cfa4a55bbf6613482099358be3977200494d0e46a06a,3f86bb33fb963525317ebefad924139cf8bdd9f78eac85fd5a4cfb518c5746de,31214d5d7133ae8ae2a422699ed9e6228a767701d8c865ec51bf3531096ed492
