host	host_run_id	L	q	fixed_p	run_root	output_stem	seed_base	workers	completed_at
nd-2	3d_toric_exp32_fixed_p050_q000_075_L34567_20260514_140000_nd2	3	0.0000	0.0500	/home/DATA1/users/yuany/.single_shot/runs/3d_toric_exp32_fixed_p050_q000_075_L34567_20260514_140000_nd2/L3/q_0p0000	scan_result_L3_p0p0500_q0p0000_exp32_fixed_p_q_scan_common_random	202605142	80	2026-05-14T02:11:08-0400
nd-2	3d_toric_exp32_fixed_p050_q000_075_L34567_20260514_140000_nd2	3	0.0050	0.0500	/home/DATA1/users/yuany/.single_shot/runs/3d_toric_exp32_fixed_p050_q000_075_L34567_20260514_140000_nd2/L3/q_0p0050	scan_result_L3_p0p0500_q0p0050_exp32_fixed_p_q_scan_common_random	202605142	80	2026-05-14T02:32:15-0400
nd-2	3d_toric_exp32_fixed_p050_q000_075_L34567_20260514_140000_nd2	3	0.0100	0.0500	/home/DATA1/users/yuany/.single_shot/runs/3d_toric_exp32_fixed_p050_q000_075_L34567_20260514_140000_nd2/L3/q_0p0100	scan_result_L3_p0p0500_q0p0100_exp32_fixed_p_q_scan_common_random	202605142	80	2026-05-14T02:54:51-0400
nd-2	3d_toric_exp32_fixed_p050_q000_075_L34567_20260514_140000_nd2	3	0.0150	0.0500	/home/DATA1/users/yuany/.single_shot/runs/3d_toric_exp32_fixed_p050_q000_075_L34567_20260514_140000_nd2/L3/q_0p0150	scan_result_L3_p0p0500_q0p0150_exp32_fixed_p_q_scan_common_random	202605142	80	2026-05-14T03:17:06-0400
nd-2	3d_toric_exp32_fixed_p050_q000_075_L34567_20260514_140000_nd2	3	0.0200	0.0500	/home/DATA1/users/yuany/.single_shot/runs/3d_toric_exp32_fixed_p050_q000_075_L34567_20260514_140000_nd2/L3/q_0p0200	scan_result_L3_p0p0500_q0p0200_exp32_fixed_p_q_scan_common_random	202605142	80	2026-05-14T03:38:53-0400
nd-2	3d_toric_exp32_fixed_p050_q000_075_L34567_20260514_140000_nd2	3	0.0250	0.0500	/home/DATA1/users/yuany/.single_shot/runs/3d_toric_exp32_fixed_p050_q000_075_L34567_20260514_140000_nd2/L3/q_0p0250	scan_result_L3_p0p0500_q0p0250_exp32_fixed_p_q_scan_common_random	202605142	80	2026-05-14T04:00:47-0400
nd-2	3d_toric_exp32_fixed_p050_q000_075_L34567_20260514_140000_nd2	3	0.0300	0.0500	/home/DATA1/users/yuany/.single_shot/runs/3d_toric_exp32_fixed_p050_q000_075_L34567_20260514_140000_nd2/L3/q_0p0300	scan_result_L3_p0p0500_q0p0300_exp32_fixed_p_q_scan_common_random	202605142	80	2026-05-14T04:22:28-0400
nd-2	3d_toric_exp32_fixed_p050_q000_075_L34567_20260514_140000_nd2	3	0.0350	0.0500	/home/DATA1/users/yuany/.single_shot/runs/3d_toric_exp32_fixed_p050_q000_075_L34567_20260514_140000_nd2/L3/q_0p0350	scan_result_L3_p0p0500_q0p0350_exp32_fixed_p_q_scan_common_random	202605142	80	2026-05-14T04:44:05-0400
nd-2	3d_toric_exp32_fixed_p050_q000_075_L34567_20260514_140000_nd2	3	0.0400	0.0500	/home/DATA1/users/yuany/.single_shot/runs/3d_toric_exp32_fixed_p050_q000_075_L34567_20260514_140000_nd2/L3/q_0p0400	scan_result_L3_p0p0500_q0p0400_exp32_fixed_p_q_scan_common_random	202605142	80	2026-05-14T05:06:08-0400
nd-2	3d_toric_exp32_fixed_p050_q000_075_L34567_20260514_140000_nd2	3	0.0450	0.0500	/home/DATA1/users/yuany/.single_shot/runs/3d_toric_exp32_fixed_p050_q000_075_L34567_20260514_140000_nd2/L3/q_0p0450	scan_result_L3_p0p0500_q0p0450_exp32_fixed_p_q_scan_common_random	202605142	80	2026-05-14T05:28:06-0400
nd-2	3d_toric_exp32_fixed_p050_q000_075_L34567_20260514_140000_nd2	3	0.0500	0.0500	/home/DATA1/users/yuany/.single_shot/runs/3d_toric_exp32_fixed_p050_q000_075_L34567_20260514_140000_nd2/L3/q_0p0500	scan_result_L3_p0p0500_q0p0500_exp32_fixed_p_q_scan_common_random	202605142	80	2026-05-14T05:50:08-0400
nd-2	3d_toric_exp32_fixed_p050_q000_075_L34567_20260514_140000_nd2	3	0.0550	0.0500	/home/DATA1/users/yuany/.single_shot/runs/3d_toric_exp32_fixed_p050_q000_075_L34567_20260514_140000_nd2/L3/q_0p0550	scan_result_L3_p0p0500_q0p0550_exp32_fixed_p_q_scan_common_random	202605142	80	2026-05-14T06:11:48-0400
nd-2	3d_toric_exp32_fixed_p050_q000_075_L34567_20260514_140000_nd2	3	0.0600	0.0500	/home/DATA1/users/yuany/.single_shot/runs/3d_toric_exp32_fixed_p050_q000_075_L34567_20260514_140000_nd2/L3/q_0p0600	scan_result_L3_p0p0500_q0p0600_exp32_fixed_p_q_scan_common_random	202605142	80	2026-05-14T06:33:10-0400
nd-2	3d_toric_exp32_fixed_p050_q000_075_L34567_20260514_140000_nd2	3	0.0650	0.0500	/home/DATA1/users/yuany/.single_shot/runs/3d_toric_exp32_fixed_p050_q000_075_L34567_20260514_140000_nd2/L3/q_0p0650	scan_result_L3_p0p0500_q0p0650_exp32_fixed_p_q_scan_common_random	202605142	80	2026-05-14T06:54:29-0400
nd-2	3d_toric_exp32_fixed_p050_q000_075_L34567_20260514_140000_nd2	3	0.0700	0.0500	/home/DATA1/users/yuany/.single_shot/runs/3d_toric_exp32_fixed_p050_q000_075_L34567_20260514_140000_nd2/L3/q_0p0700	scan_result_L3_p0p0500_q0p0700_exp32_fixed_p_q_scan_common_random	202605142	80	2026-05-14T07:15:47-0400
nd-2	3d_toric_exp32_fixed_p050_q000_075_L34567_20260514_140000_nd2	3	0.0750	0.0500	/home/DATA1/users/yuany/.single_shot/runs/3d_toric_exp32_fixed_p050_q000_075_L34567_20260514_140000_nd2/L3/q_0p0750	scan_result_L3_p0p0500_q0p0750_exp32_fixed_p_q_scan_common_random	202605142	80	2026-05-14T07:37:15-0400
nd-2	3d_toric_exp32_fixed_p050_q000_075_L34567_20260514_140000_nd2	4	0.0000	0.0500	/home/DATA1/users/yuany/.single_shot/runs/3d_toric_exp32_fixed_p050_q000_075_L34567_20260514_140000_nd2/L4/q_0p0000	scan_result_L4_p0p0500_q0p0000_exp32_fixed_p_q_scan_common_random	302605142	80	2026-05-14T07:39:03-0400
nd-2	3d_toric_exp32_fixed_p050_q000_075_L34567_20260514_140000_nd2	4	0.0050	0.0500	/home/DATA1/users/yuany/.single_shot/runs/3d_toric_exp32_fixed_p050_q000_075_L34567_20260514_140000_nd2/L4/q_0p0050	scan_result_L4_p0p0500_q0p0050_exp32_fixed_p_q_scan_common_random	302605142	80	2026-05-14T08:06:56-0400
nd-2	3d_toric_exp32_fixed_p050_q000_075_L34567_20260514_140000_nd2	4	0.0100	0.0500	/home/DATA1/users/yuany/.single_shot/runs/3d_toric_exp32_fixed_p050_q000_075_L34567_20260514_140000_nd2/L4/q_0p0100	scan_result_L4_p0p0500_q0p0100_exp32_fixed_p_q_scan_common_random	302605142	80	2026-05-14T08:34:20-0400
nd-2	3d_toric_exp32_fixed_p050_q000_075_L34567_20260514_140000_nd2	4	0.0150	0.0500	/home/DATA1/users/yuany/.single_shot/runs/3d_toric_exp32_fixed_p050_q000_075_L34567_20260514_140000_nd2/L4/q_0p0150	scan_result_L4_p0p0500_q0p0150_exp32_fixed_p_q_scan_common_random	302605142	80	2026-05-14T09:01:43-0400
nd-2	3d_toric_exp32_fixed_p050_q000_075_L34567_20260514_140000_nd2	4	0.0200	0.0500	/home/DATA1/users/yuany/.single_shot/runs/3d_toric_exp32_fixed_p050_q000_075_L34567_20260514_140000_nd2/L4/q_0p0200	scan_result_L4_p0p0500_q0p0200_exp32_fixed_p_q_scan_common_random	302605142	80	2026-05-14T09:29:14-0400
nd-2	3d_toric_exp32_fixed_p050_q000_075_L34567_20260514_140000_nd2	4	0.0250	0.0500	/home/DATA1/users/yuany/.single_shot/runs/3d_toric_exp32_fixed_p050_q000_075_L34567_20260514_140000_nd2/L4/q_0p0250	scan_result_L4_p0p0500_q0p0250_exp32_fixed_p_q_scan_common_random	302605142	80	2026-05-14T09:56:42-0400
nd-2	3d_toric_exp32_fixed_p050_q000_075_L34567_20260514_140000_nd2	4	0.0300	0.0500	/home/DATA1/users/yuany/.single_shot/runs/3d_toric_exp32_fixed_p050_q000_075_L34567_20260514_140000_nd2/L4/q_0p0300	scan_result_L4_p0p0500_q0p0300_exp32_fixed_p_q_scan_common_random	302605142	80	2026-05-14T10:24:05-0400
nd-2	3d_toric_exp32_fixed_p050_q000_075_L34567_20260514_140000_nd2	4	0.0350	0.0500	/home/DATA1/users/yuany/.single_shot/runs/3d_toric_exp32_fixed_p050_q000_075_L34567_20260514_140000_nd2/L4/q_0p0350	scan_result_L4_p0p0500_q0p0350_exp32_fixed_p_q_scan_common_random	302605142	80	2026-05-14T10:51:47-0400
nd-2	3d_toric_exp32_fixed_p050_q000_075_L34567_20260514_140000_nd2	4	0.0400	0.0500	/home/DATA1/users/yuany/.single_shot/runs/3d_toric_exp32_fixed_p050_q000_075_L34567_20260514_140000_nd2/L4/q_0p0400	scan_result_L4_p0p0500_q0p0400_exp32_fixed_p_q_scan_common_random	302605142	80	2026-05-14T11:18:57-0400
nd-2	3d_toric_exp32_fixed_p050_q000_075_L34567_20260514_140000_nd2	4	0.0450	0.0500	/home/DATA1/users/yuany/.single_shot/runs/3d_toric_exp32_fixed_p050_q000_075_L34567_20260514_140000_nd2/L4/q_0p0450	scan_result_L4_p0p0500_q0p0450_exp32_fixed_p_q_scan_common_random	302605142	80	2026-05-14T11:46:28-0400
nd-2	3d_toric_exp32_fixed_p050_q000_075_L34567_20260514_140000_nd2	4	0.0500	0.0500	/home/DATA1/users/yuany/.single_shot/runs/3d_toric_exp32_fixed_p050_q000_075_L34567_20260514_140000_nd2/L4/q_0p0500	scan_result_L4_p0p0500_q0p0500_exp32_fixed_p_q_scan_common_random	302605142	80	2026-05-14T12:14:13-0400
nd-2	3d_toric_exp32_fixed_p050_q000_075_L34567_20260514_140000_nd2	4	0.0550	0.0500	/home/DATA1/users/yuany/.single_shot/runs/3d_toric_exp32_fixed_p050_q000_075_L34567_20260514_140000_nd2/L4/q_0p0550	scan_result_L4_p0p0500_q0p0550_exp32_fixed_p_q_scan_common_random	302605142	80	2026-05-14T12:41:34-0400
nd-2	3d_toric_exp32_fixed_p050_q000_075_L34567_20260514_140000_nd2	4	0.0600	0.0500	/home/DATA1/users/yuany/.single_shot/runs/3d_toric_exp32_fixed_p050_q000_075_L34567_20260514_140000_nd2/L4/q_0p0600	scan_result_L4_p0p0500_q0p0600_exp32_fixed_p_q_scan_common_random	302605142	80	2026-05-14T13:08:55-0400
nd-2	3d_toric_exp32_fixed_p050_q000_075_L34567_20260514_140000_nd2	4	0.0650	0.0500	/home/DATA1/users/yuany/.single_shot/runs/3d_toric_exp32_fixed_p050_q000_075_L34567_20260514_140000_nd2/L4/q_0p0650	scan_result_L4_p0p0500_q0p0650_exp32_fixed_p_q_scan_common_random	302605142	80	2026-05-14T13:36:08-0400
nd-2	3d_toric_exp32_fixed_p050_q000_075_L34567_20260514_140000_nd2	4	0.0700	0.0500	/home/DATA1/users/yuany/.single_shot/runs/3d_toric_exp32_fixed_p050_q000_075_L34567_20260514_140000_nd2/L4/q_0p0700	scan_result_L4_p0p0500_q0p0700_exp32_fixed_p_q_scan_common_random	302605142	80	2026-05-14T14:03:30-0400
nd-2	3d_toric_exp32_fixed_p050_q000_075_L34567_20260514_140000_nd2	4	0.0750	0.0500	/home/DATA1/users/yuany/.single_shot/runs/3d_toric_exp32_fixed_p050_q000_075_L34567_20260514_140000_nd2/L4/q_0p0750	scan_result_L4_p0p0500_q0p0750_exp32_fixed_p_q_scan_common_random	302605142	80	2026-05-14T14:31:31-0400
nd-2	3d_toric_exp32_fixed_p050_q000_075_L34567_20260514_140000_nd2	5	0.0000	0.0500	/home/DATA1/users/yuany/.single_shot/runs/3d_toric_exp32_fixed_p050_q000_075_L34567_20260514_140000_nd2/L5/q_0p0000	scan_result_L5_p0p0500_q0p0000_exp32_fixed_p_q_scan_common_random	402605142	80	2026-05-14T14:33:37-0400
nd-2	3d_toric_exp32_fixed_p050_q000_075_L34567_20260514_140000_nd2	5	0.0050	0.0500	/home/DATA1/users/yuany/.single_shot/runs/3d_toric_exp32_fixed_p050_q000_075_L34567_20260514_140000_nd2/L5/q_0p0050	scan_result_L5_p0p0500_q0p0050_exp32_fixed_p_q_scan_common_random	402605142	80	2026-05-14T15:10:36-0400
nd-2	3d_toric_exp32_fixed_p050_q000_075_L34567_20260514_140000_nd2	5	0.0100	0.0500	/home/DATA1/users/yuany/.single_shot/runs/3d_toric_exp32_fixed_p050_q000_075_L34567_20260514_140000_nd2/L5/q_0p0100	scan_result_L5_p0p0500_q0p0100_exp32_fixed_p_q_scan_common_random	402605142	80	2026-05-14T15:47:39-0400
nd-2	3d_toric_exp32_fixed_p050_q000_075_L34567_20260514_140000_nd2	5	0.0150	0.0500	/home/DATA1/users/yuany/.single_shot/runs/3d_toric_exp32_fixed_p050_q000_075_L34567_20260514_140000_nd2/L5/q_0p0150	scan_result_L5_p0p0500_q0p0150_exp32_fixed_p_q_scan_common_random	402605142	80	2026-05-14T16:24:29-0400
nd-2	3d_toric_exp32_fixed_p050_q000_075_L34567_20260514_140000_nd2	5	0.0200	0.0500	/home/DATA1/users/yuany/.single_shot/runs/3d_toric_exp32_fixed_p050_q000_075_L34567_20260514_140000_nd2/L5/q_0p0200	scan_result_L5_p0p0500_q0p0200_exp32_fixed_p_q_scan_common_random	402605142	80	2026-05-14T17:01:25-0400
nd-2	3d_toric_exp32_fixed_p050_q000_075_L34567_20260514_140000_nd2	5	0.0250	0.0500	/home/DATA1/users/yuany/.single_shot/runs/3d_toric_exp32_fixed_p050_q000_075_L34567_20260514_140000_nd2/L5/q_0p0250	scan_result_L5_p0p0500_q0p0250_exp32_fixed_p_q_scan_common_random	402605142	80	2026-05-14T17:38:43-0400
nd-2	3d_toric_exp32_fixed_p050_q000_075_L34567_20260514_140000_nd2	5	0.0300	0.0500	/home/DATA1/users/yuany/.single_shot/runs/3d_toric_exp32_fixed_p050_q000_075_L34567_20260514_140000_nd2/L5/q_0p0300	scan_result_L5_p0p0500_q0p0300_exp32_fixed_p_q_scan_common_random	402605142	80	2026-05-14T18:15:44-0400
nd-2	3d_toric_exp32_fixed_p050_q000_075_L34567_20260514_140000_nd2	5	0.0350	0.0500	/home/DATA1/users/yuany/.single_shot/runs/3d_toric_exp32_fixed_p050_q000_075_L34567_20260514_140000_nd2/L5/q_0p0350	scan_result_L5_p0p0500_q0p0350_exp32_fixed_p_q_scan_common_random	402605142	80	2026-05-14T18:52:56-0400
nd-2	3d_toric_exp32_fixed_p050_q000_075_L34567_20260514_140000_nd2	5	0.0400	0.0500	/home/DATA1/users/yuany/.single_shot/runs/3d_toric_exp32_fixed_p050_q000_075_L34567_20260514_140000_nd2/L5/q_0p0400	scan_result_L5_p0p0500_q0p0400_exp32_fixed_p_q_scan_common_random	402605142	80	2026-05-14T19:29:51-0400
nd-2	3d_toric_exp32_fixed_p050_q000_075_L34567_20260514_140000_nd2	5	0.0450	0.0500	/home/DATA1/users/yuany/.single_shot/runs/3d_toric_exp32_fixed_p050_q000_075_L34567_20260514_140000_nd2/L5/q_0p0450	scan_result_L5_p0p0500_q0p0450_exp32_fixed_p_q_scan_common_random	402605142	80	2026-05-14T20:07:13-0400
nd-2	3d_toric_exp32_fixed_p050_q000_075_L34567_20260514_140000_nd2	5	0.0500	0.0500	/home/DATA1/users/yuany/.single_shot/runs/3d_toric_exp32_fixed_p050_q000_075_L34567_20260514_140000_nd2/L5/q_0p0500	scan_result_L5_p0p0500_q0p0500_exp32_fixed_p_q_scan_common_random	402605142	80	2026-05-14T20:44:36-0400
nd-2	3d_toric_exp32_fixed_p050_q000_075_L34567_20260514_140000_nd2	5	0.0550	0.0500	/home/DATA1/users/yuany/.single_shot/runs/3d_toric_exp32_fixed_p050_q000_075_L34567_20260514_140000_nd2/L5/q_0p0550	scan_result_L5_p0p0500_q0p0550_exp32_fixed_p_q_scan_common_random	402605142	80	2026-05-14T21:21:31-0400
nd-2	3d_toric_exp32_fixed_p050_q000_075_L34567_20260514_140000_nd2	5	0.0600	0.0500	/home/DATA1/users/yuany/.single_shot/runs/3d_toric_exp32_fixed_p050_q000_075_L34567_20260514_140000_nd2/L5/q_0p0600	scan_result_L5_p0p0500_q0p0600_exp32_fixed_p_q_scan_common_random	402605142	80	2026-05-14T21:58:48-0400
nd-2	3d_toric_exp32_fixed_p050_q000_075_L34567_20260514_140000_nd2	5	0.0650	0.0500	/home/DATA1/users/yuany/.single_shot/runs/3d_toric_exp32_fixed_p050_q000_075_L34567_20260514_140000_nd2/L5/q_0p0650	scan_result_L5_p0p0500_q0p0650_exp32_fixed_p_q_scan_common_random	402605142	80	2026-05-14T22:35:44-0400
nd-2	3d_toric_exp32_fixed_p050_q000_075_L34567_20260514_140000_nd2	5	0.0700	0.0500	/home/DATA1/users/yuany/.single_shot/runs/3d_toric_exp32_fixed_p050_q000_075_L34567_20260514_140000_nd2/L5/q_0p0700	scan_result_L5_p0p0500_q0p0700_exp32_fixed_p_q_scan_common_random	402605142	80	2026-05-14T23:12:58-0400
nd-2	3d_toric_exp32_fixed_p050_q000_075_L34567_20260514_140000_nd2	5	0.0750	0.0500	/home/DATA1/users/yuany/.single_shot/runs/3d_toric_exp32_fixed_p050_q000_075_L34567_20260514_140000_nd2/L5/q_0p0750	scan_result_L5_p0p0500_q0p0750_exp32_fixed_p_q_scan_common_random	402605142	80	2026-05-14T23:49:55-0400
nd-2	3d_toric_exp32_fixed_p050_q000_075_L34567_20260514_140000_nd2	6	0.0000	0.0500	/home/DATA1/users/yuany/.single_shot/runs/3d_toric_exp32_fixed_p050_q000_075_L34567_20260514_140000_nd2/L6/q_0p0000	scan_result_L6_p0p0500_q0p0000_exp32_fixed_p_q_scan_common_random	502605142	80	2026-05-14T23:52:34-0400
nd-2	3d_toric_exp32_fixed_p050_q000_075_L34567_20260514_140000_nd2	6	0.0050	0.0500	/home/DATA1/users/yuany/.single_shot/runs/3d_toric_exp32_fixed_p050_q000_075_L34567_20260514_140000_nd2/L6/q_0p0050	scan_result_L6_p0p0500_q0p0050_exp32_fixed_p_q_scan_common_random	502605142	80	2026-05-15T00:44:20-0400
nd-2	3d_toric_exp32_fixed_p050_q000_075_L34567_20260514_140000_nd2	6	0.0100	0.0500	/home/DATA1/users/yuany/.single_shot/runs/3d_toric_exp32_fixed_p050_q000_075_L34567_20260514_140000_nd2/L6/q_0p0100	scan_result_L6_p0p0500_q0p0100_exp32_fixed_p_q_scan_common_random	502605142	80	2026-05-15T01:35:25-0400
nd-2	3d_toric_exp32_fixed_p050_q000_075_L34567_20260514_140000_nd2	6	0.0150	0.0500	/home/DATA1/users/yuany/.single_shot/runs/3d_toric_exp32_fixed_p050_q000_075_L34567_20260514_140000_nd2/L6/q_0p0150	scan_result_L6_p0p0500_q0p0150_exp32_fixed_p_q_scan_common_random	502605142	80	2026-05-15T02:26:41-0400
nd-2	3d_toric_exp32_fixed_p050_q000_075_L34567_20260514_140000_nd2	6	0.0200	0.0500	/home/DATA1/users/yuany/.single_shot/runs/3d_toric_exp32_fixed_p050_q000_075_L34567_20260514_140000_nd2/L6/q_0p0200	scan_result_L6_p0p0500_q0p0200_exp32_fixed_p_q_scan_common_random	502605142	80	2026-05-15T03:17:26-0400
nd-2	3d_toric_exp32_fixed_p050_q000_075_L34567_20260514_140000_nd2	6	0.0250	0.0500	/home/DATA1/users/yuany/.single_shot/runs/3d_toric_exp32_fixed_p050_q000_075_L34567_20260514_140000_nd2/L6/q_0p0250	scan_result_L6_p0p0500_q0p0250_exp32_fixed_p_q_scan_common_random	502605142	80	2026-05-15T04:08:41-0400
nd-2	3d_toric_exp32_fixed_p050_q000_075_L34567_20260514_140000_nd2	6	0.0300	0.0500	/home/DATA1/users/yuany/.single_shot/runs/3d_toric_exp32_fixed_p050_q000_075_L34567_20260514_140000_nd2/L6/q_0p0300	scan_result_L6_p0p0500_q0p0300_exp32_fixed_p_q_scan_common_random	502605142	80	2026-05-15T05:00:16-0400
nd-2	3d_toric_exp32_fixed_p050_q000_075_L34567_20260514_140000_nd2	6	0.0350	0.0500	/home/DATA1/users/yuany/.single_shot/runs/3d_toric_exp32_fixed_p050_q000_075_L34567_20260514_140000_nd2/L6/q_0p0350	scan_result_L6_p0p0500_q0p0350_exp32_fixed_p_q_scan_common_random	502605142	80	2026-05-15T05:52:09-0400
nd-2	3d_toric_exp32_fixed_p050_q000_075_L34567_20260514_140000_nd2	6	0.0400	0.0500	/home/DATA1/users/yuany/.single_shot/runs/3d_toric_exp32_fixed_p050_q000_075_L34567_20260514_140000_nd2/L6/q_0p0400	scan_result_L6_p0p0500_q0p0400_exp32_fixed_p_q_scan_common_random	502605142	80	2026-05-15T06:43:46-0400
nd-2	3d_toric_exp32_fixed_p050_q000_075_L34567_20260514_140000_nd2	6	0.0450	0.0500	/home/DATA1/users/yuany/.single_shot/runs/3d_toric_exp32_fixed_p050_q000_075_L34567_20260514_140000_nd2/L6/q_0p0450	scan_result_L6_p0p0500_q0p0450_exp32_fixed_p_q_scan_common_random	502605142	80	2026-05-15T07:34:57-0400
nd-2	3d_toric_exp32_fixed_p050_q000_075_L34567_20260514_140000_nd2	6	0.0500	0.0500	/home/DATA1/users/yuany/.single_shot/runs/3d_toric_exp32_fixed_p050_q000_075_L34567_20260514_140000_nd2/L6/q_0p0500	scan_result_L6_p0p0500_q0p0500_exp32_fixed_p_q_scan_common_random	502605142	80	2026-05-15T08:26:29-0400
nd-2	3d_toric_exp32_fixed_p050_q000_075_L34567_20260514_140000_nd2	6	0.0550	0.0500	/home/DATA1/users/yuany/.single_shot/runs/3d_toric_exp32_fixed_p050_q000_075_L34567_20260514_140000_nd2/L6/q_0p0550	scan_result_L6_p0p0500_q0p0550_exp32_fixed_p_q_scan_common_random	502605142	80	2026-05-15T09:17:48-0400
nd-2	3d_toric_exp32_fixed_p050_q000_075_L34567_20260514_140000_nd2	6	0.0600	0.0500	/home/DATA1/users/yuany/.single_shot/runs/3d_toric_exp32_fixed_p050_q000_075_L34567_20260514_140000_nd2/L6/q_0p0600	scan_result_L6_p0p0500_q0p0600_exp32_fixed_p_q_scan_common_random	502605142	80	2026-05-15T10:08:51-0400
nd-2	3d_toric_exp32_fixed_p050_q000_075_L34567_20260514_140000_nd2	6	0.0650	0.0500	/home/DATA1/users/yuany/.single_shot/runs/3d_toric_exp32_fixed_p050_q000_075_L34567_20260514_140000_nd2/L6/q_0p0650	scan_result_L6_p0p0500_q0p0650_exp32_fixed_p_q_scan_common_random	502605142	80	2026-05-15T10:59:56-0400
nd-2	3d_toric_exp32_fixed_p050_q000_075_L34567_20260514_140000_nd2	6	0.0700	0.0500	/home/DATA1/users/yuany/.single_shot/runs/3d_toric_exp32_fixed_p050_q000_075_L34567_20260514_140000_nd2/L6/q_0p0700	scan_result_L6_p0p0500_q0p0700_exp32_fixed_p_q_scan_common_random	502605142	80	2026-05-15T11:51:02-0400
nd-2	3d_toric_exp32_fixed_p050_q000_075_L34567_20260514_140000_nd2	6	0.0750	0.0500	/home/DATA1/users/yuany/.single_shot/runs/3d_toric_exp32_fixed_p050_q000_075_L34567_20260514_140000_nd2/L6/q_0p0750	scan_result_L6_p0p0500_q0p0750_exp32_fixed_p_q_scan_common_random	502605142	80	2026-05-15T12:42:38-0400
nd-2	3d_toric_exp32_fixed_p050_q000_075_L34567_20260514_140000_nd2	7	0.0000	0.0500	/home/DATA1/users/yuany/.single_shot/runs/3d_toric_exp32_fixed_p050_q000_075_L34567_20260514_140000_nd2/L7/q_0p0000	scan_result_L7_p0p0500_q0p0000_exp32_fixed_p_q_scan_common_random	602605142	80	2026-05-15T12:46:02-0400
nd-2	3d_toric_exp32_fixed_p050_q000_075_L34567_20260514_140000_nd2	7	0.0050	0.0500	/home/DATA1/users/yuany/.single_shot/runs/3d_toric_exp32_fixed_p050_q000_075_L34567_20260514_140000_nd2/L7/q_0p0050	scan_result_L7_p0p0500_q0p0050_exp32_fixed_p_q_scan_common_random	602605142	80	2026-05-15T13:55:58-0400
nd-2	3d_toric_exp32_fixed_p050_q000_075_L34567_20260514_140000_nd2	7	0.0100	0.0500	/home/DATA1/users/yuany/.single_shot/runs/3d_toric_exp32_fixed_p050_q000_075_L34567_20260514_140000_nd2/L7/q_0p0100	scan_result_L7_p0p0500_q0p0100_exp32_fixed_p_q_scan_common_random	602605142	80	2026-05-15T15:06:11-0400
nd-2	3d_toric_exp32_fixed_p050_q000_075_L34567_20260514_140000_nd2	7	0.0150	0.0500	/home/DATA1/users/yuany/.single_shot/runs/3d_toric_exp32_fixed_p050_q000_075_L34567_20260514_140000_nd2/L7/q_0p0150	scan_result_L7_p0p0500_q0p0150_exp32_fixed_p_q_scan_common_random	602605142	80	2026-05-15T16:15:51-0400
nd-2	3d_toric_exp32_fixed_p050_q000_075_L34567_20260514_140000_nd2	7	0.0200	0.0500	/home/DATA1/users/yuany/.single_shot/runs/3d_toric_exp32_fixed_p050_q000_075_L34567_20260514_140000_nd2/L7/q_0p0200	scan_result_L7_p0p0500_q0p0200_exp32_fixed_p_q_scan_common_random	602605142	80	2026-05-15T17:25:40-0400
nd-2	3d_toric_exp32_fixed_p050_q000_075_L34567_20260514_140000_nd2	7	0.0250	0.0500	/home/DATA1/users/yuany/.single_shot/runs/3d_toric_exp32_fixed_p050_q000_075_L34567_20260514_140000_nd2/L7/q_0p0250	scan_result_L7_p0p0500_q0p0250_exp32_fixed_p_q_scan_common_random	602605142	80	2026-05-15T18:35:12-0400
nd-2	3d_toric_exp32_fixed_p050_q000_075_L34567_20260514_140000_nd2	7	0.0300	0.0500	/home/DATA1/users/yuany/.single_shot/runs/3d_toric_exp32_fixed_p050_q000_075_L34567_20260514_140000_nd2/L7/q_0p0300	scan_result_L7_p0p0500_q0p0300_exp32_fixed_p_q_scan_common_random	602605142	80	2026-05-15T19:45:36-0400
nd-2	3d_toric_exp32_fixed_p050_q000_075_L34567_20260514_140000_nd2	7	0.0350	0.0500	/home/DATA1/users/yuany/.single_shot/runs/3d_toric_exp32_fixed_p050_q000_075_L34567_20260514_140000_nd2/L7/q_0p0350	scan_result_L7_p0p0500_q0p0350_exp32_fixed_p_q_scan_common_random	602605142	80	2026-05-15T20:55:07-0400
nd-2	3d_toric_exp32_fixed_p050_q000_075_L34567_20260514_140000_nd2	7	0.0400	0.0500	/home/DATA1/users/yuany/.single_shot/runs/3d_toric_exp32_fixed_p050_q000_075_L34567_20260514_140000_nd2/L7/q_0p0400	scan_result_L7_p0p0500_q0p0400_exp32_fixed_p_q_scan_common_random	602605142	80	2026-05-15T22:05:07-0400
nd-2	3d_toric_exp32_fixed_p050_q000_075_L34567_20260514_140000_nd2	7	0.0450	0.0500	/home/DATA1/users/yuany/.single_shot/runs/3d_toric_exp32_fixed_p050_q000_075_L34567_20260514_140000_nd2/L7/q_0p0450	scan_result_L7_p0p0500_q0p0450_exp32_fixed_p_q_scan_common_random	602605142	80	2026-05-15T23:15:08-0400
nd-2	3d_toric_exp32_fixed_p050_q000_075_L34567_20260514_140000_nd2	7	0.0500	0.0500	/home/DATA1/users/yuany/.single_shot/runs/3d_toric_exp32_fixed_p050_q000_075_L34567_20260514_140000_nd2/L7/q_0p0500	scan_result_L7_p0p0500_q0p0500_exp32_fixed_p_q_scan_common_random	602605142	80	2026-05-16T00:25:29-0400
nd-2	3d_toric_exp32_fixed_p050_q000_075_L34567_20260514_140000_nd2	7	0.0550	0.0500	/home/DATA1/users/yuany/.single_shot/runs/3d_toric_exp32_fixed_p050_q000_075_L34567_20260514_140000_nd2/L7/q_0p0550	scan_result_L7_p0p0500_q0p0550_exp32_fixed_p_q_scan_common_random	602605142	80	2026-05-16T01:35:12-0400
nd-2	3d_toric_exp32_fixed_p050_q000_075_L34567_20260514_140000_nd2	7	0.0600	0.0500	/home/DATA1/users/yuany/.single_shot/runs/3d_toric_exp32_fixed_p050_q000_075_L34567_20260514_140000_nd2/L7/q_0p0600	scan_result_L7_p0p0500_q0p0600_exp32_fixed_p_q_scan_common_random	602605142	80	2026-05-16T02:45:28-0400
nd-2	3d_toric_exp32_fixed_p050_q000_075_L34567_20260514_140000_nd2	7	0.0650	0.0500	/home/DATA1/users/yuany/.single_shot/runs/3d_toric_exp32_fixed_p050_q000_075_L34567_20260514_140000_nd2/L7/q_0p0650	scan_result_L7_p0p0500_q0p0650_exp32_fixed_p_q_scan_common_random	602605142	80	2026-05-16T03:55:05-0400
nd-2	3d_toric_exp32_fixed_p050_q000_075_L34567_20260514_140000_nd2	7	0.0700	0.0500	/home/DATA1/users/yuany/.single_shot/runs/3d_toric_exp32_fixed_p050_q000_075_L34567_20260514_140000_nd2/L7/q_0p0700	scan_result_L7_p0p0500_q0p0700_exp32_fixed_p_q_scan_common_random	602605142	80	2026-05-16T05:04:38-0400
nd-2	3d_toric_exp32_fixed_p050_q000_075_L34567_20260514_140000_nd2	7	0.0750	0.0500	/home/DATA1/users/yuany/.single_shot/runs/3d_toric_exp32_fixed_p050_q000_075_L34567_20260514_140000_nd2/L7/q_0p0750	scan_result_L7_p0p0500_q0p0750_exp32_fixed_p_q_scan_common_random	602605142	80	2026-05-16T06:14:37-0400
