run,canonical_source,input_sha256,source_git_sha,lattice_size,p,num_disorder,q_top_mean,q_top_std,q_top_sem,q_top_ci95_low,q_top_ci95_high,four_start_spread_mean,four_start_spread_std,four_start_spread_sem,four_start_spread_ci95_low,four_start_spread_ci95_high
q0_threshold_deep_nd3_20260420_221142,data/2d_toric_code/without_measurement_noise/q0_threshold_deep_nd3_20260420_221142/scan_result_multi_L_q0_geometric_multistart_threshold_deep.npz,f3821be7f779119603f1464b9f201ece184106d515f9f19baf5fc2db9a5f4f61,a15c3326fcc07844e06cc02ff176cf39ab7c0bbb,3,0.09,512,0.63003492431640629,0.25637130251442553,0.011330117906848628,0.6078283012783906,0.65224154735442197,0.055635384114583339,0.033388098938260155,0.0014755594481356952,0.052743340739189577,0.0585274274899771
q0_threshold_deep_nd3_20260420_221142,data/2d_toric_code/without_measurement_noise/q0_threshold_deep_nd3_20260420_221142/scan_result_multi_L_q0_geometric_multistart_threshold_deep.npz,f3821be7f779119603f1464b9f201ece184106d515f9f19baf5fc2db9a5f4f61,a15c3326fcc07844e06cc02ff176cf39ab7c0bbb,3,0.0925,512,0.59993565266927074,0.27577311431716234,0.012187564950162403,0.57604846430770973,0.62382284103083174,0.055650846354166672,0.033311419122992229,0.00147217064705094,0.052765444906849805,0.058536247801483539
q0_threshold_deep_nd3_20260420_221142,data/2d_toric_code/without_measurement_noise/q0_threshold_deep_nd3_20260420_221142/scan_result_multi_L_q0_geometric_multistart_threshold_deep.npz,f3821be7f779119603f1464b9f201ece184106d515f9f19baf5fc2db9a5f4f61,a15c3326fcc07844e06cc02ff176cf39ab7c0bbb,3,0.095,512,0.59080924479166663,0.26882804436114172,0.011880633321305081,0.56752363136838224,0.61409485821495102,0.057737272135416677,0.033513980382273822,0.0014811226745536712,0.05483432503660584,0.060640219234227515
q0_threshold_deep_nd3_20260420_221142,data/2d_toric_code/without_measurement_noise/q0_threshold_deep_nd3_20260420_221142/scan_result_multi_L_q0_geometric_multistart_threshold_deep.npz,f3821be7f779119603f1464b9f201ece184106d515f9f19baf5fc2db9a5f4f61,a15c3326fcc07844e06cc02ff176cf39ab7c0bbb,3,0.0975,512,0.58178619995117187,0.26767557278241993,0.011829700792027649,0.55860041245091274,0.60497198745143099,0.056383528645833347,0.03284410970738922,0.0014515182935081142,0.053538605067656404,0.05922845222401029
q0_threshold_deep_nd3_20260420_221142,data/2d_toric_code/without_measurement_noise/q0_threshold_deep_nd3_20260420_221142/scan_result_multi_L_q0_geometric_multistart_threshold_deep.npz,f3821be7f779119603f1464b9f201ece184106d515f9f19baf5fc2db9a5f4f61,a15c3326fcc07844e06cc02ff176cf39ab7c0bbb,3,0.1,512,0.5685244791666666,0.28474559991367743,0.012584096538249556,0.54386010317372224,0.59318885515961095,0.054925390625000015,0.031050653365566137,0.0013722579721915443,0.052235814422006623,0.057614966827993407
q0_threshold_deep_nd3_20260420_221142,data/2d_toric_code/without_measurement_noise/q0_threshold_deep_nd3_20260420_221142/scan_result_multi_L_q0_geometric_multistart_threshold_deep.npz,f3821be7f779119603f1464b9f201ece184106d515f9f19baf5fc2db9a5f4f61,a15c3326fcc07844e06cc02ff176cf39ab7c0bbb,3,0.1025,512,0.52873835856119789,0.26613592654980162,0.011761657398795602,0.50568593366105941,0.55179078346133636,0.058930305989583348,0.033702132750925151,0.0014894379130392754,0.056011061322817871,0.061849550656348826
q0_threshold_deep_nd3_20260420_221142,data/2d_toric_code/without_measurement_noise/q0_threshold_deep_nd3_20260420_221142/scan_result_multi_L_q0_geometric_multistart_threshold_deep.npz,f3821be7f779119603f1464b9f201ece184106d515f9f19baf5fc2db9a5f4f61,a15c3326fcc07844e06cc02ff176cf39ab7c0bbb,3,0.105,512,0.5354813618977865,0.28036107993703552,0.012390326300266345,0.51119676859256502,0.55976595520300798,0.056812858072916687,0.033051369598312251,0.001460677973154343,0.053949981852523213,0.059675734293310162
q0_threshold_deep_nd3_20260420_221142,data/2d_toric_code/without_measurement_noise/q0_threshold_deep_nd3_20260420_221142/scan_result_multi_L_q0_geometric_multistart_threshold_deep.npz,f3821be7f779119603f1464b9f201ece184106d515f9f19baf5fc2db9a5f4f61,a15c3326fcc07844e06cc02ff176cf39ab7c0bbb,3,0.1075,512,0.52924669596354157,0.27691935171798004,0.012238221965097893,0.50526022167714268,0.55323317024994045,0.057450000000000022,0.032361487614543043,0.0014301892088454909,0.054646880659585027,0.060253119340415016
q0_threshold_deep_nd3_20260420_221142,data/2d_toric_code/without_measurement_noise/q0_threshold_deep_nd3_20260420_221142/scan_result_multi_L_q0_geometric_multistart_threshold_deep.npz,f3821be7f779119603f1464b9f201ece184106d515f9f19baf5fc2db9a5f4f61,a15c3326fcc07844e06cc02ff176cf39ab7c0bbb,3,0.11,512,0.51452768147786454,0.27613971117947927,0.01220376639561903,0.49060873886671108,0.538446624089018,0.057107519531250019,0.031684429158291783,0.0014002671697408058,0.054363046309824206,0.059851992752675831
q0_threshold_deep_nd3_20260420_221142,data/2d_toric_code/without_measurement_noise/q0_threshold_deep_nd3_20260420_221142/scan_result_multi_L_q0_geometric_multistart_threshold_deep.npz,f3821be7f779119603f1464b9f201ece184106d515f9f19baf5fc2db9a5f4f61,a15c3326fcc07844e06cc02ff176cf39ab7c0bbb,3,0.1125,512,0.48242206217447919,0.26898095761658736,0.011887391196296265,0.45912320355960001,0.50572092078935837,0.058751204427083349,0.032693530997486182,0.0014448635918284417,0.055919323824526419,0.061583085029640279
q0_threshold_deep_nd3_20260420_221142,data/2d_toric_code/without_measurement_noise/q0_threshold_deep_nd3_20260420_221142/scan_result_multi_L_q0_geometric_multistart_threshold_deep.npz,f3821be7f779119603f1464b9f201ece184106d515f9f19baf5fc2db9a5f4f61,a15c3326fcc07844e06cc02ff176cf39ab7c0bbb,3,0.115,512,0.46875146280924473,0.26919236454728523,0.01189673415093916,0.44543429233975629,0.49206863327873318,0.055849121093750009,0.03077046335846639,0.0013598752063139856,0.053183814665905625,0.058514427521594393
q0_threshold_deep_nd3_20260420_221142,data/2d_toric_code/without_measurement_noise/q0_threshold_deep_nd3_20260420_221142/scan_result_multi_L_q0_geometric_multistart_threshold_deep.npz,f3821be7f779119603f1464b9f201ece184106d515f9f19baf5fc2db9a5f4f61,a15c3326fcc07844e06cc02ff176cf39ab7c0bbb,3,0.1175,512,0.46642890421549477,0.26804238527829211,0.011845911767231097,0.44321134378768257,0.48964646464330697,0.058746679687500011,0.031388437874864478,0.0013871860795105836,0.056027844931803954,0.061465514443196069
q0_threshold_deep_nd3_20260420_221142,data/2d_toric_code/without_measurement_noise/q0_threshold_deep_nd3_20260420_221142/scan_result_multi_L_q0_geometric_multistart_threshold_deep.npz,f3821be7f779119603f1464b9f201ece184106d515f9f19baf5fc2db9a5f4f61,a15c3326fcc07844e06cc02ff176cf39ab7c0bbb,3,0.12,512,0.42844945068359375,0.27053918045558073,0.011956255567299514,0.40501562038173017,0.45188328098545733,0.055309895833333331,0.030841218923405932,0.0013630021900499503,0.052638460629986207,0.057981331036680454
q0_threshold_deep_nd3_20260420_221142,data/2d_toric_code/without_measurement_noise/q0_threshold_deep_nd3_20260420_221142/scan_result_multi_L_q0_geometric_multistart_threshold_deep.npz,f3821be7f779119603f1464b9f201ece184106d515f9f19baf5fc2db9a5f4f61,a15c3326fcc07844e06cc02ff176cf39ab7c0bbb,3,0.1225,512,0.43220544026692709,0.26842332209481734,0.011862746955116635,0.40895488347718628,0.45545599705666789,0.05547154947916666,0.030703855751690139,0.0013569315381621047,0.052812012534882394,0.058131086423450926
q0_threshold_deep_nd3_20260420_221142,data/2d_toric_code/without_measurement_noise/q0_threshold_deep_nd3_20260420_221142/scan_result_multi_L_q0_geometric_multistart_threshold_deep.npz,f3821be7f779119603f1464b9f201ece184106d515f9f19baf5fc2db9a5f4f61,a15c3326fcc07844e06cc02ff176cf39ab7c0bbb,3,0.125,512,0.41188372192382816,0.27346044760175181,0.012085358555344204,0.38819685441510049,0.43557058943255583,0.055819270833333323,0.032331660264143011,0.0014288710137371978,0.053018735107855181,0.058619806558811466
q0_threshold_deep_nd3_20260420_221142,data/2d_toric_code/without_measurement_noise/q0_threshold_deep_nd3_20260420_221142/scan_result_multi_L_q0_geometric_multistart_threshold_deep.npz,f3821be7f779119603f1464b9f201ece184106d515f9f19baf5fc2db9a5f4f61,a15c3326fcc07844e06cc02ff176cf39ab7c0bbb,5,0.09,512,0.66868733927408852,0.29037027329675352,0.012832674331445342,0.64353575975912403,0.69383891878905302,0.057257031250000014,0.038686139045505767,0.0017097019535626749,0.053906076996719399,0.060607985503280629
q0_threshold_deep_nd3_20260420_221142,data/2d_toric_code/without_measurement_noise/q0_threshold_deep_nd3_20260420_221142/scan_result_multi_L_q0_geometric_multistart_threshold_deep.npz,f3821be7f779119603f1464b9f201ece184106d515f9f19baf5fc2db9a5f4f61,a15c3326fcc07844e06cc02ff176cf39ab7c0bbb,5,0.0925,512,0.62387388712565106,0.30742501741822914,0.013586394657676394,0.59724504291685798,0.65050273133444414,0.056168522135416676,0.038054884208743089,0.0016818041675794439,0.052872246537911602,0.059464797732921751
q0_threshold_deep_nd3_20260420_221142,data/2d_toric_code/without_measurement_noise/q0_threshold_deep_nd3_20260420_221142/scan_result_multi_L_q0_geometric_multistart_threshold_deep.npz,f3821be7f779119603f1464b9f201ece184106d515f9f19baf5fc2db9a5f4f61,a15c3326fcc07844e06cc02ff176cf39ab7c0bbb,5,0.095,512,0.64971039225260419,0.30296102950541709,0.013389112399908632,0.62346821416382459,0.67595257034138378,0.058258300781250008,0.040753683689808966,0.0018010753809622197,0.054728257901122297,0.061788343661377719
q0_threshold_deep_nd3_20260420_221142,data/2d_toric_code/without_measurement_noise/q0_threshold_deep_nd3_20260420_221142/scan_result_multi_L_q0_geometric_multistart_threshold_deep.npz,f3821be7f779119603f1464b9f201ece184106d515f9f19baf5fc2db9a5f4f61,a15c3326fcc07844e06cc02ff176cf39ab7c0bbb,5,0.0975,512,0.5979845377604166,0.30623811966738929,0.013533940692164273,0.57145850143487353,0.62451057408595967,0.060232942708333341,0.039839322599668422,0.001760665948006501,0.05678210086143453,0.063683784555232159
q0_threshold_deep_nd3_20260420_221142,data/2d_toric_code/without_measurement_noise/q0_threshold_deep_nd3_20260420_221142/scan_result_multi_L_q0_geometric_multistart_threshold_deep.npz,f3821be7f779119603f1464b9f201ece184106d515f9f19baf5fc2db9a5f4f61,a15c3326fcc07844e06cc02ff176cf39ab7c0bbb,5,0.1,512,0.56537830200195316,0.31083097234401136,0.013736918021703664,0.53845443742083476,0.59230216658307155,0.059192903645833336,0.037811834924972809,0.0016710628052846626,0.055917680731570926,0.062468126560095746
q0_threshold_deep_nd3_20260420_221142,data/2d_toric_code/without_measurement_noise/q0_threshold_deep_nd3_20260420_221142/scan_result_multi_L_q0_geometric_multistart_threshold_deep.npz,f3821be7f779119603f1464b9f201ece184106d515f9f19baf5fc2db9a5f4f61,a15c3326fcc07844e06cc02ff176cf39ab7c0bbb,5,0.1025,512,0.55804766031901032,0.30667300758373078,0.013553160204333095,0.53148395444181595,0.58461136619620468,0.061354622395833343,0.040635062686494368,0.0017958330237225384,0.057834854347089501,0.064874390444577185
q0_threshold_deep_nd3_20260420_221142,data/2d_toric_code/without_measurement_noise/q0_threshold_deep_nd3_20260420_221142/scan_result_multi_L_q0_geometric_multistart_threshold_deep.npz,f3821be7f779119603f1464b9f201ece184106d515f9f19baf5fc2db9a5f4f61,a15c3326fcc07844e06cc02ff176cf39ab7c0bbb,5,0.105,512,0.53331627604166665,0.32517705797676455,0.014370931423853832,0.50514976802661826,0.56148278405671503,0.058910807291666673,0.036834071672938194,0.0016278513661653695,0.055720277241798226,0.062101337341535119
q0_threshold_deep_nd3_20260420_221142,data/2d_toric_code/without_measurement_noise/q0_threshold_deep_nd3_20260420_221142/scan_result_multi_L_q0_geometric_multistart_threshold_deep.npz,f3821be7f779119603f1464b9f201ece184106d515f9f19baf5fc2db9a5f4f61,a15c3326fcc07844e06cc02ff176cf39ab7c0bbb,5,0.1075,512,0.53618059692382802,0.30861595569071792,0.013639027190704606,0.50944859484588445,0.5629125990017716,0.06068284505208333,0.038447606302580269,0.0016991601960590719,0.057352552263843531,0.064013137840323128
q0_threshold_deep_nd3_20260420_221142,data/2d_toric_code/without_measurement_noise/q0_threshold_deep_nd3_20260420_221142/scan_result_multi_L_q0_geometric_multistart_threshold_deep.npz,f3821be7f779119603f1464b9f201ece184106d515f9f19baf5fc2db9a5f4f61,a15c3326fcc07844e06cc02ff176cf39ab7c0bbb,5,0.11,512,0.50568379516601569,0.31502417662459636,0.013922233220560047,0.47839671946935092,0.53297087086268047,0.058389811197916676,0.037252350718852578,0.0016463368630275134,0.055163050239962097,0.061616572155871255
q0_threshold_deep_nd3_20260420_221142,data/2d_toric_code/without_measurement_noise/q0_threshold_deep_nd3_20260420_221142/scan_result_multi_L_q0_geometric_multistart_threshold_deep.npz,f3821be7f779119603f1464b9f201ece184106d515f9f19baf5fc2db9a5f4f61,a15c3326fcc07844e06cc02ff176cf39ab7c0bbb,5,0.1125,512,0.47079155883789064,0.30626498244646827,0.01353512787049229,0.44426319568558142,0.49731992199019986,0.058257031250000001,0.034876136375676443,0.001541322033301727,0.055236095576150571,0.061277966923849431
q0_threshold_deep_nd3_20260420_221142,data/2d_toric_code/without_measurement_noise/q0_threshold_deep_nd3_20260420_221142/scan_result_multi_L_q0_geometric_multistart_threshold_deep.npz,f3821be7f779119603f1464b9f201ece184106d515f9f19baf5fc2db9a5f4f61,a15c3326fcc07844e06cc02ff176cf39ab7c0bbb,5,0.115,512,0.46561867675781254,0.30103708836999732,0.01330408541094244,0.43954314850512061,0.49169420501050448,0.06046943359374999,0.037472851438876902,0.0016560817101766206,0.05722357308634831,0.063715294101151662
q0_threshold_deep_nd3_20260420_221142,data/2d_toric_code/without_measurement_noise/q0_threshold_deep_nd3_20260420_221142/scan_result_multi_L_q0_geometric_multistart_threshold_deep.npz,f3821be7f779119603f1464b9f201ece184106d515f9f19baf5fc2db9a5f4f61,a15c3326fcc07844e06cc02ff176cf39ab7c0bbb,5,0.1175,512,0.45031083780924475,0.30627694433071923,0.013535656516084141,0.42378143853061495,0.47684023708787454,0.059672330729166674,0.038129726344811848,0.0016851117539502379,0.056369572381499089,0.062975089076834259
q0_threshold_deep_nd3_20260420_221142,data/2d_toric_code/without_measurement_noise/q0_threshold_deep_nd3_20260420_221142/scan_result_multi_L_q0_geometric_multistart_threshold_deep.npz,f3821be7f779119603f1464b9f201ece184106d515f9f19baf5fc2db9a5f4f61,a15c3326fcc07844e06cc02ff176cf39ab7c0bbb,5,0.12,512,0.40864829915364587,0.28778805310156114,0.012718555243286757,0.38372038894142074,0.43357620936587099,0.058092447916666665,0.036208147149824926,0.0016001891489900979,0.054956134816194276,0.061228761017139054
q0_threshold_deep_nd3_20260420_221142,data/2d_toric_code/without_measurement_noise/q0_threshold_deep_nd3_20260420_221142/scan_result_multi_L_q0_geometric_multistart_threshold_deep.npz,f3821be7f779119603f1464b9f201ece184106d515f9f19baf5fc2db9a5f4f61,a15c3326fcc07844e06cc02ff176cf39ab7c0bbb,5,0.1225,512,0.41076361287434893,0.29966352259400281,0.013243381806279222,0.38480706150052862,0.43672016424816923,0.057197721354166661,0.036265133860428685,0.0016027076295841874,0.054056472122434092,0.060338970585899231
q0_threshold_deep_nd3_20260420_221142,data/2d_toric_code/without_measurement_noise/q0_threshold_deep_nd3_20260420_221142/scan_result_multi_L_q0_geometric_multistart_threshold_deep.npz,f3821be7f779119603f1464b9f201ece184106d515f9f19baf5fc2db9a5f4f61,a15c3326fcc07844e06cc02ff176cf39ab7c0bbb,5,0.125,512,0.38605454711914067,0.29884327016878437,0.013207131428019431,0.36016904518113552,0.41194004905714582,0.057691015624999994,0.034653447345481279,0.0015314804755925484,0.054689369049812329,0.06069266220018766
q0_threshold_deep_nd3_20260420_221142,data/2d_toric_code/without_measurement_noise/q0_threshold_deep_nd3_20260420_221142/scan_result_multi_L_q0_geometric_multistart_threshold_deep.npz,f3821be7f779119603f1464b9f201ece184106d515f9f19baf5fc2db9a5f4f61,a15c3326fcc07844e06cc02ff176cf39ab7c0bbb,7,0.09,512,0.69913915201822918,0.29669603801195538,0.013112236276839707,0.6734396411588438,0.72483866287761456,0.090882096354166664,0.084618025733070895,0.0037396237379045127,0.083552568512142766,0.098211624196190561
q0_threshold_deep_nd3_20260420_221142,data/2d_toric_code/without_measurement_noise/q0_threshold_deep_nd3_20260420_221142/scan_result_multi_L_q0_geometric_multistart_threshold_deep.npz,f3821be7f779119603f1464b9f201ece184106d515f9f19baf5fc2db9a5f4f61,a15c3326fcc07844e06cc02ff176cf39ab7c0bbb,7,0.0925,512,0.67342659301757812,0.30554526141000155,0.013503320393901775,0.64696057137382545,0.69989261466133079,0.086694466145833343,0.073266128962576185,0.0032379360387953578,0.080348228125550147,0.093040704166116539
q0_threshold_deep_nd3_20260420_221142,data/2d_toric_code/without_measurement_noise/q0_threshold_deep_nd3_20260420_221142/scan_result_multi_L_q0_geometric_multistart_threshold_deep.npz,f3821be7f779119603f1464b9f201ece184106d515f9f19baf5fc2db9a5f4f61,a15c3326fcc07844e06cc02ff176cf39ab7c0bbb,7,0.095,512,0.65909439900716149,0.30268162234984558,0.01337676423150759,0.63287642288372303,0.68531237513059995,0.09018486328125,0.080550396900966353,0.0035598582422463228,0.083207669336379145,0.097162057226120854
q0_threshold_deep_nd3_20260420_221142,data/2d_toric_code/without_measurement_noise/q0_threshold_deep_nd3_20260420_221142/scan_result_multi_L_q0_geometric_multistart_threshold_deep.npz,f3821be7f779119603f1464b9f201ece184106d515f9f19baf5fc2db9a5f4f61,a15c3326fcc07844e06cc02ff176cf39ab7c0bbb,7,0.0975,512,0.61735260416666671,0.30321451452362069,0.013400314960864943,0.59108846946187821,0.64361673887145521,0.091944856770833333,0.074281776709945679,0.0032828217518867213,0.085510644369470673,0.098379069172195993
q0_threshold_deep_nd3_20260420_221142,data/2d_toric_code/without_measurement_noise/q0_threshold_deep_nd3_20260420_221142/scan_result_multi_L_q0_geometric_multistart_threshold_deep.npz,f3821be7f779119603f1464b9f201ece184106d515f9f19baf5fc2db9a5f4f61,a15c3326fcc07844e06cc02ff176cf39ab7c0bbb,7,0.1,512,0.58241225382486972,0.31793971481355782,0.014051083022073984,0.55487263715782253,0.6099518704919169,0.097443554687500003,0.086085489245881677,0.0038044770754702838,0.08998691663956998,0.10490019273543003
q0_threshold_deep_nd3_20260420_221142,data/2d_toric_code/without_measurement_noise/q0_threshold_deep_nd3_20260420_221142/scan_result_multi_L_q0_geometric_multistart_threshold_deep.npz,f3821be7f779119603f1464b9f201ece184106d515f9f19baf5fc2db9a5f4f61,a15c3326fcc07844e06cc02ff176cf39ab7c0bbb,7,0.1025,512,0.56454753824869797,0.31493300895077758,0.013918204140536156,0.53726835940377082,0.59182671709362511,0.09776523437500001,0.076754297001444052,0.0033920927434329612,0.091116854765651734,0.10441361398434829
q0_threshold_deep_nd3_20260420_221142,data/2d_toric_code/without_measurement_noise/q0_threshold_deep_nd3_20260420_221142/scan_result_multi_L_q0_geometric_multistart_threshold_deep.npz,f3821be7f779119603f1464b9f201ece184106d515f9f19baf5fc2db9a5f4f61,a15c3326fcc07844e06cc02ff176cf39ab7c0bbb,7,0.105,512,0.54513064778645837,0.31404494307763231,0.013878956802971069,0.51792839230964793,0.5723329032632688,0.092879036458333328,0.067203205395112389,0.0029699901407722715,0.087057962747980625,0.098700110168686031
q0_threshold_deep_nd3_20260420_221142,data/2d_toric_code/without_measurement_noise/q0_threshold_deep_nd3_20260420_221142/scan_result_multi_L_q0_geometric_multistart_threshold_deep.npz,f3821be7f779119603f1464b9f201ece184106d515f9f19baf5fc2db9a5f4f61,a15c3326fcc07844e06cc02ff176cf39ab7c0bbb,7,0.1075,512,0.51718007405598954,0.31054849819229119,0.013724434309941712,0.49028067710031797,0.5440794710116611,0.092925097656249997,0.067786607628084347,0.0029957731204656368,0.087053490234284173,0.098796705078215821
q0_threshold_deep_nd3_20260420_221142,data/2d_toric_code/without_measurement_noise/q0_threshold_deep_nd3_20260420_221142/scan_result_multi_L_q0_geometric_multistart_threshold_deep.npz,f3821be7f779119603f1464b9f201ece184106d515f9f19baf5fc2db9a5f4f61,a15c3326fcc07844e06cc02ff176cf39ab7c0bbb,7,0.11,512,0.487759531656901,0.30887177312482161,0.013650332830854636,0.46100537093144123,0.51451369238236078,0.092622102864583333,0.066974108117601142,0.0029598653758672977,0.086820873328796316,0.09842333240037035
q0_threshold_deep_nd3_20260420_221142,data/2d_toric_code/without_measurement_noise/q0_threshold_deep_nd3_20260420_221142/scan_result_multi_L_q0_geometric_multistart_threshold_deep.npz,f3821be7f779119603f1464b9f201ece184106d515f9f19baf5fc2db9a5f4f61,a15c3326fcc07844e06cc02ff176cf39ab7c0bbb,7,0.1125,512,0.45805610351562503,0.30943453234780988,0.013675203509776529,0.43125319715520727,0.4848590098760428,0.087150097656250008,0.06435412086958843,0.0028440772040115433,0.081575808767136007,0.09272438654536401
q0_threshold_deep_nd3_20260420_221142,data/2d_toric_code/without_measurement_noise/q0_threshold_deep_nd3_20260420_221142/scan_result_multi_L_q0_geometric_multistart_threshold_deep.npz,f3821be7f779119603f1464b9f201ece184106d515f9f19baf5fc2db9a5f4f61,a15c3326fcc07844e06cc02ff176cf39ab7c0bbb,7,0.115,512,0.41147609863281254,0.30182891292530623,0.013339079442978,0.38533198333765706,0.43762021392796802,0.08530761718749999,0.060490756425096458,0.0026733390042055888,0.080067969020790858,0.090547265354209122
q0_threshold_deep_nd3_20260420_221142,data/2d_toric_code/without_measurement_noise/q0_threshold_deep_nd3_20260420_221142/scan_result_multi_L_q0_geometric_multistart_threshold_deep.npz,f3821be7f779119603f1464b9f201ece184106d515f9f19baf5fc2db9a5f4f61,a15c3326fcc07844e06cc02ff176cf39ab7c0bbb,7,0.1175,512,0.43068850097656253,0.29601540194416565,0.013082156128148816,0.4050479461252609,0.45632905582786415,0.087384667968749996,0.066751770434342453,0.0029500393456457024,0.081602697098308308,0.093166638839191684
q0_threshold_deep_nd3_20260420_221142,data/2d_toric_code/without_measurement_noise/q0_threshold_deep_nd3_20260420_221142/scan_result_multi_L_q0_geometric_multistart_threshold_deep.npz,f3821be7f779119603f1464b9f201ece184106d515f9f19baf5fc2db9a5f4f61,a15c3326fcc07844e06cc02ff176cf39ab7c0bbb,7,0.12,512,0.39444636433919272,0.29761451218302082,0.013152827484008773,0.36866729617566696,0.42022543250271849,0.084848111979166668,0.056507222036919179,0.0024972899930199664,0.079953513533895251,0.089742710424438085
q0_threshold_deep_nd3_20260420_221142,data/2d_toric_code/without_measurement_noise/q0_threshold_deep_nd3_20260420_221142/scan_result_multi_L_q0_geometric_multistart_threshold_deep.npz,f3821be7f779119603f1464b9f201ece184106d515f9f19baf5fc2db9a5f4f61,a15c3326fcc07844e06cc02ff176cf39ab7c0bbb,7,0.1225,512,0.36210689493815107,0.28198493498549621,0.012462091232543255,0.33768164495031394,0.3865321449259882,0.083452962239583331,0.057406454195251054,0.0025370308153335594,0.078480473213861271,0.088425451265305391
q0_threshold_deep_nd3_20260420_221142,data/2d_toric_code/without_measurement_noise/q0_threshold_deep_nd3_20260420_221142/scan_result_multi_L_q0_geometric_multistart_threshold_deep.npz,f3821be7f779119603f1464b9f201ece184106d515f9f19baf5fc2db9a5f4f61,a15c3326fcc07844e06cc02ff176cf39ab7c0bbb,7,0.125,512,0.34162059529622396,0.27567337195467662,0.012183156918857078,0.31774204651726412,0.3654991440751838,0.082551855468750004,0.054884989164440241,0.0024255967514703672,0.077797773194850733,0.087305937742649276
q0_control_extension_nd3_20260421_225303,data/2d_toric_code/without_measurement_noise/q0_control_extension_nd3_20260421_225303/scan_result_multi_L_q0_control_extension.npz,06254aa73b3e5c4596bdaf94d076e2c26c7427e43e8ba3b70789b49d199094ee,a197215bd18e9ffc160b4864b7f54239ff4e39da,9,0.095,1024,0.67978766366464116,0.29836102545038673,0.0093237820453245853,0.66151338665610382,0.6980619406731785,0.092598401331018515,0.087435739596126383,0.0027323668623789495,0.08724306068820506,0.09795374197383197
q0_control_extension_nd3_20260421_225303,data/2d_toric_code/without_measurement_noise/q0_control_extension_nd3_20260421_225303/scan_result_multi_L_q0_control_extension.npz,06254aa73b3e5c4596bdaf94d076e2c26c7427e43e8ba3b70789b49d199094ee,a197215bd18e9ffc160b4864b7f54239ff4e39da,9,0.0975,1024,0.64585906801576964,0.307708681995285,0.0096158963123526564,0.62701225756448697,0.66470587846705231,0.096367469618055562,0.091919557873539712,0.002872486183548116,0.090737500152212339,0.10199743908389879
q0_control_extension_nd3_20260421_225303,data/2d_toric_code/without_measurement_noise/q0_control_extension_nd3_20260421_225303/scan_result_multi_L_q0_control_extension.npz,06254aa73b3e5c4596bdaf94d076e2c26c7427e43e8ba3b70789b49d199094ee,a197215bd18e9ffc160b4864b7f54239ff4e39da,9,0.1,1024,0.61273219898365161,0.31745847821566309,0.0099205774442394715,0.59328822448710183,0.63217617348020139,0.094645847800925928,0.088862250477066529,0.002776945327408329,0.089203134972168807,0.10008856062968305
q0_control_extension_nd3_20260421_225303,data/2d_toric_code/without_measurement_noise/q0_control_extension_nd3_20260421_225303/scan_result_multi_L_q0_control_extension.npz,06254aa73b3e5c4596bdaf94d076e2c26c7427e43e8ba3b70789b49d199094ee,a197215bd18e9ffc160b4864b7f54239ff4e39da,9,0.1025,1024,0.58902375171802668,0.31891081488299439,0.0099659629650935746,0.5694908232351833,0.60855668020087006,0.091119343171296302,0.080717897438915678,0.0025224342949661149,0.086175462799794031,0.096063223542798573
q0_control_extension_nd3_20260421_225303,data/2d_toric_code/without_measurement_noise/q0_control_extension_nd3_20260421_225303/scan_result_multi_L_q0_control_extension.npz,06254aa73b3e5c4596bdaf94d076e2c26c7427e43e8ba3b70789b49d199094ee,a197215bd18e9ffc160b4864b7f54239ff4e39da,9,0.105,1024,0.57470379050925924,0.318954250035617,0.0099673203136130314,0.55516820167220327,0.59423937934631521,0.090509628182870352,0.075704328451941139,0.0023657602641231606,0.085872823269132995,0.09514643309660771
q0_control_extension_nd3_20260421_225303,data/2d_toric_code/without_measurement_noise/q0_control_extension_nd3_20260421_225303/scan_result_multi_L_q0_control_extension.npz,06254aa73b3e5c4596bdaf94d076e2c26c7427e43e8ba3b70789b49d199094ee,a197215bd18e9ffc160b4864b7f54239ff4e39da,9,0.1075,1024,0.53452300211588544,0.31758407929019428,0.0099245024778185711,0.51507133469488253,0.55397466953688834,0.089809100115740753,0.071182134920816237,0.0022244417162755074,0.085449274466132291,0.094168925765349215
q0_control_extension_nd3_20260421_225303,data/2d_toric_code/without_measurement_noise/q0_control_extension_nd3_20260421_225303/scan_result_multi_L_q0_control_extension.npz,06254aa73b3e5c4596bdaf94d076e2c26c7427e43e8ba3b70789b49d199094ee,a197215bd18e9ffc160b4864b7f54239ff4e39da,9,0.11,1024,0.48997739438657406,0.31415932880614272,0.0098174790251919601,0.47073548907822044,0.50921929969492774,0.087762022569444445,0.068159918037596232,0.0021299974386748822,0.083587304302479112,0.091936740836409778
q0_control_extension_nd3_20260421_225303,data/2d_toric_code/without_measurement_noise/q0_control_extension_nd3_20260421_225303/scan_result_multi_L_q0_control_extension.npz,06254aa73b3e5c4596bdaf94d076e2c26c7427e43e8ba3b70789b49d199094ee,a197215bd18e9ffc160b4864b7f54239ff4e39da,11,0.095,1024,0.69855841878255209,0.29960175620068763,0.0093625548812714884,0.6802081484119803,0.71690868915312389,0.14894592737268517,0.15001300528762659,0.0046879064152383311,0.13975779963592377,0.15813405510944656
q0_control_extension_nd3_20260421_225303,data/2d_toric_code/without_measurement_noise/q0_control_extension_nd3_20260421_225303/scan_result_multi_L_q0_control_extension.npz,06254aa73b3e5c4596bdaf94d076e2c26c7427e43e8ba3b70789b49d199094ee,a197215bd18e9ffc160b4864b7f54239ff4e39da,11,0.0975,1024,0.65177346959997107,0.3204137339025514,0.010012929184454731,0.63214848901868981,0.67139845018125233,0.14958177083333335,0.15001398849635023,0.0046879371405109446,0.1403935828761442,0.1587699587905225
q0_control_extension_nd3_20260421_225303,data/2d_toric_code/without_measurement_noise/q0_control_extension_nd3_20260421_225303/scan_result_multi_L_q0_control_extension.npz,06254aa73b3e5c4596bdaf94d076e2c26c7427e43e8ba3b70789b49d199094ee,a197215bd18e9ffc160b4864b7f54239ff4e39da,11,0.1,1024,0.63399767252604167,0.31279354060265335,0.0097747981438329173,0.61483942020798021,0.65315592484410312,0.14852737991898146,0.12978498122212181,0.0040557806631913067,0.14057819588993253,0.15647656394803039
q0_control_extension_nd3_20260421_225303,data/2d_toric_code/without_measurement_noise/q0_control_extension_nd3_20260421_225303/scan_result_multi_L_q0_control_extension.npz,06254aa73b3e5c4596bdaf94d076e2c26c7427e43e8ba3b70789b49d199094ee,a197215bd18e9ffc160b4864b7f54239ff4e39da,11,0.1025,1024,0.58488455403645823,0.32249268922998803,0.010077896538437126,0.56513223978120053,0.60463686829171592,0.14551020688657407,0.12252563030257632,0.00382892594695551,0.13800564993107034,0.15301476384207779
q0_control_extension_nd3_20260421_225303,data/2d_toric_code/without_measurement_noise/q0_control_extension_nd3_20260421_225303/scan_result_multi_L_q0_control_extension.npz,06254aa73b3e5c4596bdaf94d076e2c26c7427e43e8ba3b70789b49d199094ee,a197215bd18e9ffc160b4864b7f54239ff4e39da,11,0.105,1024,0.5540981314199942,0.32061867537146216,0.010019333605358192,0.5344605984044003,0.5737356644355881,0.14915266927083332,0.12318936261495117,0.0038496675817172241,0.14160745945821615,0.15669787908345048
q0_control_extension_nd3_20260421_225303,data/2d_toric_code/without_measurement_noise/q0_control_extension_nd3_20260421_225303/scan_result_multi_L_q0_control_extension.npz,06254aa73b3e5c4596bdaf94d076e2c26c7427e43e8ba3b70789b49d199094ee,a197215bd18e9ffc160b4864b7f54239ff4e39da,11,0.1075,1024,0.52880497368706592,0.31135068147912537,0.0097297087962226678,0.50973509486640689,0.54787485250772494,0.15023702980324072,0.12675680379443408,0.0039611501185760649,0.14247331823347506,0.15800074137300638
q0_control_extension_nd3_20260421_225303,data/2d_toric_code/without_measurement_noise/q0_control_extension_nd3_20260421_225303/scan_result_multi_L_q0_control_extension.npz,06254aa73b3e5c4596bdaf94d076e2c26c7427e43e8ba3b70789b49d199094ee,a197215bd18e9ffc160b4864b7f54239ff4e39da,11,0.11,1024,0.48908543565538198,0.3129858917514215,0.0097808091172319218,0.4699154020459464,0.50825546926481757,0.14324048032407408,0.11276604338504408,0.0035239388557826274,0.13633368708301885,0.1501472735651293
